user_genome	classification	fastani_reference	fastani_reference_radius	fastani_taxonomy	fastani_ani	fastani_af	closest_placement_reference	closest_placement_radius	closest_placement_taxonomy	closest_placement_ani	closest_placement_af	pplacer_taxonomy	classification_method	note	other_related_references(genome_id,species_name,radius,ANI,AF)	aa_percent	translation_table	red_value	warnings
MAG11	d__Bacteria;p__Firmicutes;c__Bacilli;o__Lactobacillales;f__Lactobacillaceae;g__Limosilactobacillus;s__Limosilactobacillus reuteri	GCF_000016825.1	95.0	d__Bacteria;p__Firmicutes;c__Bacilli;o__Lactobacillales;f__Lactobacillaceae;g__Limosilactobacillus;s__Limosilactobacillus reuteri	96.12	0.81	GCF_000016825.1	95.0	d__Bacteria;p__Firmicutes;c__Bacilli;o__Lactobacillales;f__Lactobacillaceae;g__Limosilactobacillus;s__Limosilactobacillus reuteri	96.12	0.81	d__Bacteria;p__Firmicutes;c__Bacilli;o__Lactobacillales;f__Lactobacillaceae;g__Limosilactobacillus;s__	taxonomic classification defined by topology and ANI	topological placement and ANI have congruent species assignments	GCF_003072625.1, s__Limosilactobacillus reuteri_D, 95.0, 94.33, 0.8; GCF_900156885.1, s__Limosilactobacillus sp900156885, 95.0, 80.72, 0.37; GCA_900557215.1, s__Limosilactobacillus sp900557215, 95.0, 79.89, 0.17; GCF_002871555.1, s__Limosilactobacillus vaginalis_A, 95.0, 79.7, 0.26; GCF_000159435.1, s__Limosilactobacillus vaginalis, 95.0, 79.55, 0.28; GCF_001435935.1, s__Limosilactobacillus panis, 95.0, 79.53, 0.17; GCF_001435345.1, s__Limosilactobacillus pontis, 95.0, 79.33, 0.16; GCF_002940945.1, s__Limosilactobacillus pontis_A, 95.0, 79.26, 0.16; GCF_001434465.1, s__Limosilactobacillus oris, 95.0, 79.22, 0.15; GCF_000160835.1, s__Limosilactobacillus antri, 95.0, 79.15, 0.15; GCF_001437055.1, s__Limosilactobacillus secaliphilus, 95.0, 78.82, 0.11; GCA_003343585.1, s__Limosilactobacillus fermentum_A, 95.0, 78.71, 0.04; GCF_001436045.1, s__Limosilactobacillus frumenti, 95.0, 78.69, 0.25; GCA_002299975.1, s__Limosilactobacillus sp002299975, 95.0, 78.15, 0.21; GCF_001436025.1, s__Limosilactobacillus mucosae, 95.0, 78.03, 0.09; GCF_000161935.1, s__Limosilactobacillus coleohominis, 95.0, 77.97, 0.17; GCF_001435775.1, s__Limosilactobacillus ingluviei, 95.0, 77.97, 0.06; GCF_000159215.1, s__Limosilactobacillus fermentum, 95.0, 77.69, 0.07; GCF_001434365.1, s__Limosilactobacillus gastricus, 95.0, 77.66, 0.09; GCF_001293735.1, s__Limosilactobacillus gorillae, 95.0, 77.6, 0.07; GCF_001311375.1, s__Limosilactobacillus equigenerosi, 95.0, 77.31, 0.1; GCF_900240275.1, s__Limosilactobacillus timonensis, 95.0, 77.18, 0.07	95.5	11	N/A	N/A
MAG30	d__Bacteria;p__Firmicutes;c__Bacilli;o__Lactobacillales;f__Lactobacillaceae;g__Ligilactobacillus;s__Ligilactobacillus murinus	GCF_001591685.1	95.0	d__Bacteria;p__Firmicutes;c__Bacilli;o__Lactobacillales;f__Lactobacillaceae;g__Ligilactobacillus;s__Ligilactobacillus murinus	97.19	0.82	GCF_001591685.1	95.0	d__Bacteria;p__Firmicutes;c__Bacilli;o__Lactobacillales;f__Lactobacillaceae;g__Ligilactobacillus;s__Ligilactobacillus murinus	97.19	0.82	d__Bacteria;p__Firmicutes;c__Bacilli;o__Lactobacillales;f__Lactobacillaceae;g__Ligilactobacillus;s__	taxonomic classification defined by topology and ANI	topological placement and ANI have congruent species assignments	GCF_001434535.1, s__Ligilactobacillus animalis, 95.0, 91.6, 0.79; GCF_001434405.1, s__Ligilactobacillus apodemi, 95.0, 80.84, 0.53; GCF_900113455.1, s__Ligilactobacillus ruminis, 95.0, 79.81, 0.08; GCF_001654615.1, s__Ligilactobacillus aviarius_B, 95.0, 78.93, 0.08; GCF_001435955.1, s__Ligilactobacillus salivarius, 95.0, 78.69, 0.12; GCF_900110005.1, s__Ligilactobacillus ruminis_A, 95.0, 78.59, 0.15; GCF_000615765.1, s__Ligilactobacillus equi, 95.0, 78.54, 0.09; GCF_000615845.1, s__Ligilactobacillus hayakitensis, 95.0, 78.46, 0.11; GCF_001436215.1, s__Ligilactobacillus agilis, 95.0, 78.4, 0.11; GCF_001436315.1, s__Ligilactobacillus aviarius, 95.0, 78.31, 0.09; GCF_000423245.1, s__Ligilactobacillus ceti, 95.0, 78.28, 0.12; GCA_001435375.1, s__Ligilactobacillus araffinosus, 95.0, 77.91, 0.11; GCF_000423265.1, s__Ligilactobacillus saerimneri, 95.0, 77.9, 0.08; GCA_002117995.1, s__Ligilactobacillus acidipiscis, 95.0, 77.6, 0.1; GCF_003864415.1, s__Ligilactobacillus sp003864415, 95.0, 77.28, 0.09; GCF_000349725.1, s__Ligilactobacillus pobuzihii, 95.0, 76.99, 0.1	94.82	11	N/A	N/A
MAG08	d__Bacteria;p__Firmicutes;c__Bacilli;o__Lactobacillales;f__Lactobacillaceae;g__Lactobacillus;s__Lactobacillus johnsonii	GCF_000159355.1	95.0	d__Bacteria;p__Firmicutes;c__Bacilli;o__Lactobacillales;f__Lactobacillaceae;g__Lactobacillus;s__Lactobacillus johnsonii	96.08	0.87	GCF_000159355.1	95.0	d__Bacteria;p__Firmicutes;c__Bacilli;o__Lactobacillales;f__Lactobacillaceae;g__Lactobacillus;s__Lactobacillus johnsonii	96.08	0.87	d__Bacteria;p__Firmicutes;c__Bacilli;o__Lactobacillales;f__Lactobacillaceae;g__Lactobacillus;s__	taxonomic classification defined by topology and ANI	topological placement and ANI have congruent species assignments	GCF_001436695.1, s__Lactobacillus taiwanensis, 95.0, 87.81, 0.81; GCF_000014425.1, s__Lactobacillus gasseri, 95.0, 85.66, 0.77; GCF_003584685.1, s__Lactobacillus paragasseri, 95.0, 85.42, 0.78; GCF_001435325.1, s__Lactobacillus intestinalis, 95.0, 80.91, 0.31; GCF_000296835.1, s__Lactobacillus hominis, 95.0, 80.1, 0.4; GCF_003423665.1, s__Lactobacillus rodentium, 95.0, 79.53, 0.38; GCF_001591845.1, s__Lactobacillus acidophilus, 95.0, 79.18, 0.31; GCF_000178475.1, s__Lactobacillus amylolyticus, 95.0, 78.98, 0.23; GCF_002706375.1, s__Lactobacillus amylovorus, 95.0, 78.91, 0.24; GCF_002088015.1, s__Lactobacillus crispatus, 95.0, 78.91, 0.25; GCF_002911475.1, s__Lactobacillus sp002911475, 95.0, 78.88, 0.25; GCF_001434335.1, s__Lactobacillus kalixensis, 95.0, 78.84, 0.26; GCF_000614735.1, s__Lactobacillus gallinarum, 95.0, 78.84, 0.26; GCF_000615445.1, s__Lactobacillus hamsteri, 95.0, 78.83, 0.28; GCF_000159335.1, s__Lactobacillus jensenii_A, 95.0, 78.74, 0.23; GCF_000425905.1, s__Lactobacillus psittaci, 95.0, 78.69, 0.23; GCF_000615285.1, s__Lactobacillus kitasatonis, 95.0, 78.67, 0.24; GCF_001436305.1, s__Lactobacillus ultunensis, 95.0, 78.66, 0.27; GCF_000160855.1, s__Lactobacillus helveticus, 95.0, 78.5, 0.28; GCF_000297025.1, s__Lactobacillus pasteurii, 95.0, 78.47, 0.2; GCF_001436455.1, s__Lactobacillus jensenii, 95.0, 78.35, 0.24; GCF_900103655.1, s__Lactobacillus kefiranofaciens, 95.0, 78.27, 0.25; GCF_000296855.1, s__Lactobacillus gigeriorum, 95.0, 78.24, 0.19; GCF_002837055.1, s__Lactobacillus apis, 95.0, 78.05, 0.17; GCF_002916935.1, s__Lactobacillus panisapium, 95.0, 77.91, 0.16; GCF_001433875.1, s__Lactobacillus delbrueckii, 95.0, 77.82, 0.06; GCF_000160875.1, s__Lactobacillus iners, 95.0, 77.67, 0.24; GCF_001436775.1, s__Lactobacillus acetotolerans, 95.0, 77.65, 0.2; GCA_001311765.1, s__Lactobacillus equicursoris, 95.0, 77.5, 0.07; GCA_900088455.1, s__Lactobacillus delbrueckii_A, 95.0, 77.45, 0.06; GCF_000970855.1, s__Lactobacillus helsingborgensis, 95.0, 77.33, 0.14; GCF_000970775.1, s__Lactobacillus melliventris, 95.0, 77.28, 0.13; GCF_000970755.1, s__Lactobacillus kimbladii, 95.0, 77.26, 0.14; GCF_900112665.1, s__Lactobacillus bombicola, 95.0, 77.1, 0.14; GCF_000760615.1, s__Lactobacillus sp000760615, 95.0, 77.07, 0.14; GCF_003692965.1, s__Lactobacillus sp003692965, 95.0, 77.02, 0.14; GCA_002418055.1, s__Lactobacillus sp002418055, 95.0, 77.0, 0.14; GCF_000967195.1, s__Lactobacillus kullabergensis, 95.0, 76.95, 0.13; GCA_002417825.1, s__Lactobacillus sp002417825, 95.0, 76.89, 0.09; GCA_004556255.1, s__Lactobacillus delbrueckii_B, 95.0, 76.53, 0.04	95.14	11	N/A	N/A
MAG40	d__Bacteria;p__Firmicutes;c__Bacilli;o__Erysipelotrichales;f__Erysipelotrichaceae;g__Faecalibaculum;s__Faecalibaculum rodentium	GCF_001564455.1	95.0	d__Bacteria;p__Firmicutes;c__Bacilli;o__Erysipelotrichales;f__Erysipelotrichaceae;g__Faecalibaculum;s__Faecalibaculum rodentium	97.76	0.89	GCF_001564455.1	95.0	d__Bacteria;p__Firmicutes;c__Bacilli;o__Erysipelotrichales;f__Erysipelotrichaceae;g__Faecalibaculum;s__Faecalibaculum rodentium	97.76	0.89	d__Bacteria;p__Firmicutes;c__Bacilli;o__Erysipelotrichales;f__Erysipelotrichaceae;g__;s__	taxonomic classification defined by topology and ANI	topological placement and ANI have congruent species assignments	N/A	93.51	11	N/A	N/A
MAG42	d__Bacteria;p__Firmicutes;c__Bacilli;o__Erysipelotrichales;f__Erysipelatoclostridiaceae;g__Erysipelatoclostridium;s__Erysipelatoclostridium cocleatum	GCF_900102365.1	95.0	d__Bacteria;p__Firmicutes;c__Bacilli;o__Erysipelotrichales;f__Erysipelatoclostridiaceae;g__Erysipelatoclostridium;s__Erysipelatoclostridium cocleatum	98.05	0.85	GCF_900102365.1	95.0	d__Bacteria;p__Firmicutes;c__Bacilli;o__Erysipelotrichales;f__Erysipelatoclostridiaceae;g__Erysipelatoclostridium;s__Erysipelatoclostridium cocleatum	98.05	0.85	d__Bacteria;p__Firmicutes;c__Bacilli;o__Erysipelotrichales;f__Erysipelatoclostridiaceae;g__Erysipelatoclostridium;s__	taxonomic classification defined by topology and ANI	topological placement and ANI have congruent species assignments	GCF_000508865.1, s__Erysipelatoclostridium sp000508865, 95.0, 84.17, 0.77; GCF_000686665.1, s__Erysipelatoclostridium saccharogumia, 95.0, 84.12, 0.72; GCF_000154805.1, s__Erysipelatoclostridium spiroforme, 95.0, 83.15, 0.66; GCF_000154485.1, s__Erysipelatoclostridium ramosum, 95.0, 82.83, 0.59; GCF_002160495.1, s__Erysipelatoclostridium sp002160495, 95.0, 82.15, 0.5; GCF_003480255.1, s__Erysipelatoclostridium sp003480255, 95.0, 80.19, 0.37; GCF_000752095.2, s__Erysipelatoclostridium sp000752095, 95.0, 79.7, 0.35; GCA_900544435.1, s__Erysipelatoclostridium sp900544435, 95.0, 79.26, 0.31; GCF_003024675.1, s__Erysipelatoclostridium sp003024675, 95.0, 79.08, 0.34	62.9	11	N/A	N/A
MAG20	d__Bacteria;p__Firmicutes_A;c__Clostridia;o__Lachnospirales;f__Lachnospiraceae;g__Kineothrix;s__Kineothrix sp000403275	GCF_000403275.1	95.0	d__Bacteria;p__Firmicutes_A;c__Clostridia;o__Lachnospirales;f__Lachnospiraceae;g__Kineothrix;s__Kineothrix sp000403275	98.47	0.85	GCF_000403275.1	95.0	d__Bacteria;p__Firmicutes_A;c__Clostridia;o__Lachnospirales;f__Lachnospiraceae;g__Kineothrix;s__Kineothrix sp000403275	98.47	0.85	d__Bacteria;p__Firmicutes_A;c__Clostridia;o__Lachnospirales;f__Lachnospiraceae;g__Kineothrix;s__	taxonomic classification defined by topology and ANI	topological placement and ANI have congruent species assignments	GCA_003488965.1, s__Kineothrix sp003488965, 95.0, 78.93, 0.4; GCF_000732725.1, s__Kineothrix alysoides, 95.0, 77.6, 0.13	94.7	11	N/A	N/A
MAG03	d__Bacteria;p__Firmicutes_A;c__Clostridia;o__Lachnospirales;f__Lachnospiraceae;g__CAG-95;s__CAG-95 sp000403495	GCF_000403495.2	95.0	d__Bacteria;p__Firmicutes_A;c__Clostridia;o__Lachnospirales;f__Lachnospiraceae;g__CAG-95;s__CAG-95 sp000403495	98.56	0.91	GCF_000403495.2	95.0	d__Bacteria;p__Firmicutes_A;c__Clostridia;o__Lachnospirales;f__Lachnospiraceae;g__CAG-95;s__CAG-95 sp000403495	98.56	0.91	d__Bacteria;p__Firmicutes_A;c__Clostridia;o__Lachnospirales;f__Lachnospiraceae;g__CAG-95;s__	taxonomic classification defined by topology and ANI	topological placement and ANI have congruent species assignments	GCA_002490775.1, s__CAG-95 sp002490775, 95.0, 85.55, 0.64; GCA_900554925.1, s__CAG-95 sp900554925, 95.0, 79.28, 0.3; GCF_003612395.1, s__CAG-95 sp003612395, 95.0, 78.62, 0.25; GCA_002492465.1, s__CAG-95 sp002492465, 95.0, 78.33, 0.25; GCF_003490145.1, s__CAG-95 sp900066375, 95.0, 78.11, 0.12; GCA_000436115.1, s__CAG-95 sp000436115, 95.0, 77.81, 0.15; GCA_000438155.1, s__CAG-95 sp000438155, 95.0, 77.48, 0.09; GCA_900553305.1, s__CAG-95 sp900553305, 95.0, 77.07, 0.09	74.82	11	N/A	N/A
MAG33	d__Bacteria;p__Actinobacteriota;c__Coriobacteriia;o__Coriobacteriales;f__Atopobiaceae;g__NM07-P-09;s__NM07-P-09 sp004793925	GCF_004793925.1	95.0	d__Bacteria;p__Actinobacteriota;c__Coriobacteriia;o__Coriobacteriales;f__Atopobiaceae;g__NM07-P-09;s__NM07-P-09 sp004793925	99.81	0.99	GCF_004793925.1	95.0	d__Bacteria;p__Actinobacteriota;c__Coriobacteriia;o__Coriobacteriales;f__Atopobiaceae;g__NM07-P-09;s__NM07-P-09 sp004793925	99.81	0.99	d__Bacteria;p__Actinobacteriota;c__Coriobacteriia;o__Coriobacteriales;f__Atopobiaceae;g__NM07-P-09;s__	taxonomic classification defined by topology and ANI	topological placement and ANI have congruent species assignments	GCF_004793665.1, s__NM07-P-09 sp004793665, 95.0, 80.46, 0.46	95.42	11	N/A	N/A
MAG39	d__Bacteria;p__Proteobacteria;c__Gammaproteobacteria;o__Burkholderiales;f__Burkholderiaceae;g__Parasutterella;s__Parasutterella sp900552195	GCA_900552195.1	95.0	d__Bacteria;p__Proteobacteria;c__Gammaproteobacteria;o__Burkholderiales;f__Burkholderiaceae;g__Parasutterella;s__Parasutterella sp900552195	98.08	0.89	GCA_900552195.1	95.0	d__Bacteria;p__Proteobacteria;c__Gammaproteobacteria;o__Burkholderiales;f__Burkholderiaceae;g__Parasutterella;s__Parasutterella sp900552195	98.08	0.89	d__Bacteria;p__Proteobacteria;c__Gammaproteobacteria;o__Burkholderiales;f__Burkholderiaceae;g__Parasutterella;s__	taxonomic classification defined by topology and ANI	topological placement and ANI have congruent species assignments	GCF_000205025.1, s__Parasutterella excrementihominis, 95.0, 95.36, 0.88; GCA_000980495.1, s__Parasutterella sp000980495, 95.0, 91.26, 0.8; GCA_900554375.1, s__Parasutterella sp900554375, 95.0, 86.46, 0.76	95.02	11	N/A	N/A
MAG49	d__Bacteria;p__Bacteroidota;c__Bacteroidia;o__Bacteroidales;f__Bacteroidaceae;g__Bacteroides;s__Bacteroides intestinalis	GCF_000172175.1	95.0	d__Bacteria;p__Bacteroidota;c__Bacteroidia;o__Bacteroidales;f__Bacteroidaceae;g__Bacteroides;s__Bacteroides intestinalis	97.57	0.82	GCA_900557355.1	95.0	d__Bacteria;p__Bacteroidota;c__Bacteroidia;o__Bacteroidales;f__Bacteroidaceae;g__Bacteroides;s__Bacteroides sp900557355	95.42	0.43	d__Bacteria;p__Bacteroidota;c__Bacteroidia;o__Bacteroidales;f__Bacteroidaceae;g__Bacteroides;s__	ANI	topological placement and ANI have incongruent species assignments	GCF_003464595.1, s__Bacteroides intestinalis_A, 95.0, 94.34, 0.74; GCA_900556215.1, s__Bacteroides sp900556215, 95.0, 92.89, 0.6; GCA_900552405.1, s__Bacteroides sp900552405, 95.0, 88.87, 0.6; GCF_000513195.1, s__Bacteroides timonensis, 95.0, 88.68, 0.62; GCF_000158035.1, s__Bacteroides cellulosilyticus, 95.0, 88.65, 0.65; GCF_000614165.1, s__Bacteroides stercorirosoris, 95.0, 85.34, 0.57; GCF_000315485.1, s__Bacteroides oleiciplenus, 95.0, 84.7, 0.65; GCF_003438615.1, s__Bacteroides sp003545565, 95.0, 80.47, 0.36; GCF_000154205.1, s__Bacteroides uniformis, 95.0, 80.03, 0.33; GCA_002293435.1, s__Bacteroides sp002293435, 95.0, 79.83, 0.42; GCF_000154525.1, s__Bacteroides stercoris, 95.0, 79.67, 0.33; GCF_000614125.1, s__Bacteroides rodentium, 95.0, 79.66, 0.34; GCF_000613385.1, s__Bacteroides acidifaciens, 95.0, 79.56, 0.21; GCF_004793475.1, s__Bacteroides sp002491635, 95.0, 79.31, 0.32; GCF_000195635.1, s__Bacteroides fluxus, 95.0, 79.29, 0.33; GCF_000155815.1, s__Bacteroides eggerthii, 95.0, 79.19, 0.31; GCF_001688725.2, s__Bacteroides caecimuris, 95.0, 79.17, 0.21; GCF_000614145.1, s__Bacteroides faecichinchillae, 95.0, 79.16, 0.17; GCA_000210075.1, s__Bacteroides xylanisolvens, 95.0, 79.0, 0.19; GCF_900129655.1, s__Bacteroides clarus, 95.0, 78.9, 0.36; GCF_000374365.1, s__Bacteroides gallinarum, 95.0, 78.88, 0.27; GCA_007197895.1, s__Bacteroides sp900066265, 95.75, 78.86, 0.18; GCF_900241005.1, s__Bacteroides cutis, 95.0, 78.82, 0.35; GCF_003865075.1, s__Bacteroides sp003865075, 95.0, 78.72, 0.15; GCF_000186225.1, s__Bacteroides helcogenes, 95.0, 78.71, 0.29; GCF_000011065.1, s__Bacteroides thetaiotaomicron, 95.0, 78.7, 0.19; GCF_900155865.1, s__Bacteroides bouchesdurhonensis, 95.0, 78.64, 0.15; GCF_000613465.1, s__Bacteroides nordii, 95.0, 78.63, 0.19; GCF_000381365.1, s__Bacteroides salyersiae, 95.0, 78.56, 0.17; GCF_000156195.1, s__Bacteroides finegoldii, 95.75, 78.55, 0.19; GCA_900555635.1, s__Bacteroides sp900555635, 95.0, 78.54, 0.25; GCF_900130135.1, s__Bacteroides togonis, 95.0, 78.53, 0.18; GCF_900130125.1, s__Bacteroides congonensis, 95.0, 78.53, 0.18; GCF_003463205.1, s__Bacteroides sp003463205, 95.0, 78.5, 0.18; GCF_004342845.1, s__Bacteroides heparinolyticus, 95.0, 78.49, 0.25; GCF_002222615.2, s__Bacteroides caccae, 95.0, 78.46, 0.2; GCF_002849695.1, s__Bacteroides fragilis_A, 95.0, 78.3, 0.17; GCF_900106755.1, s__Bacteroides faecis, 95.0, 78.26, 0.19; GCF_002998435.1, s__Bacteroides zoogleoformans, 95.0, 78.22, 0.26; GCA_007097645.1, s__Bacteroides sp007097645, 95.0, 78.18, 0.17; GCF_001314995.1, s__Bacteroides ovatus, 95.0, 78.17, 0.18; GCA_900547205.1, s__Bacteroides sp900547205, 95.0, 78.02, 0.18; GCF_900128475.1, s__Bacteroides massiliensis, 95.0, 77.97, 0.18; GCF_900108345.1, s__Bacteroides ndongoniae, 95.0, 77.94, 0.19; GCF_000025985.1, s__Bacteroides fragilis, 95.0, 77.81, 0.18; GCF_000499785.1, s__Bacteroides neonati, 95.0, 77.74, 0.12; GCA_900556625.1, s__Bacteroides sp900556625, 95.0, 77.63, 0.19; GCA_000511775.1, s__Bacteroides pyogenes_A, 95.0, 77.56, 0.14; GCF_000428105.1, s__Bacteroides pyogenes, 95.0, 77.42, 0.15; GCF_002160055.1, s__Bacteroides sp002160055, 95.0, 77.32, 0.12; GCF_000517545.1, s__Bacteroides reticulotermitis, 95.0, 77.25, 0.12; GCA_900553815.1, s__Bacteroides sp900553815, 95.0, 77.19, 0.16; GCA_002471185.1, s__Bacteroides sp002471185, 95.0, 76.97, 0.11; GCA_002307035.1, s__Bacteroides sp002307035, 95.0, 76.9, 0.11; GCF_900104585.1, s__Bacteroides ihuae, 95.0, 76.84, 0.11; GCA_002471195.1, s__Bacteroides sp002471195, 95.0, 76.77, 0.09; GCF_000428125.1, s__Bacteroides graminisolvens, 95.0, 76.75, 0.11; GCF_900128905.1, s__Bacteroides luti, 95.0, 76.6, 0.09	92.84	11	N/A	N/A
MAG45	d__Bacteria;p__Bacteroidota;c__Bacteroidia;o__Bacteroidales;f__Bacteroidaceae;g__Phocaeicola;s__Phocaeicola vulgatus	GCF_000012825.1	95.35	d__Bacteria;p__Bacteroidota;c__Bacteroidia;o__Bacteroidales;f__Bacteroidaceae;g__Phocaeicola;s__Phocaeicola vulgatus	98.83	0.82	GCF_000012825.1	95.35	d__Bacteria;p__Bacteroidota;c__Bacteroidia;o__Bacteroidales;f__Bacteroidaceae;g__Phocaeicola;s__Phocaeicola vulgatus	98.83	0.82	d__Bacteria;p__Bacteroidota;c__Bacteroidia;o__Bacteroidales;f__Bacteroidaceae;g__Phocaeicola;s__	taxonomic classification defined by topology and ANI	topological placement and ANI have congruent species assignments	GCF_000156075.1, s__Phocaeicola dorei, 95.35, 95.31, 0.8; GCF_000614185.1, s__Phocaeicola sartorii, 95.0, 90.49, 0.68; GCF_000382445.1, s__Phocaeicola massiliensis, 95.0, 81.79, 0.38; GCA_002493165.1, s__Phocaeicola sp002493165, 95.0, 80.39, 0.4; GCA_900554435.1, s__Phocaeicola sp900554435, 95.0, 80.37, 0.32; GCF_000154845.1, s__Phocaeicola coprocola, 95.0, 78.99, 0.17; GCF_900128455.1, s__Phocaeicola mediterraneensis, 95.0, 78.92, 0.15; GCA_900551645.1, s__Phocaeicola sp900551645, 95.0, 78.64, 0.17; GCF_003437535.1, s__Phocaeicola plebeius_A, 95.0, 78.6, 0.16; GCF_000374585.1, s__Phocaeicola barnesiae, 95.0, 78.48, 0.17; GCF_000187895.1, s__Phocaeicola plebeius, 95.0, 78.42, 0.15; GCA_900553715.1, s__Phocaeicola sp900553715, 95.0, 78.21, 0.14; GCF_002161765.1, s__Phocaeicola sp002161765, 95.0, 78.14, 0.15; GCA_900066445.1, s__Phocaeicola sp900066445, 95.0, 78.08, 0.13; GCA_900066455.1, s__Phocaeicola sp900066455, 95.0, 78.07, 0.16; GCA_900551445.1, s__Phocaeicola sp900551445, 95.0, 78.02, 0.18; GCA_900541515.1, s__Phocaeicola sp900541515, 95.0, 78.0, 0.16; GCF_000157915.1, s__Phocaeicola coprophilus, 95.0, 77.96, 0.17; GCA_900553185.1, s__Phocaeicola sp900553185, 95.0, 77.91, 0.2; GCF_000613805.1, s__Phocaeicola paurosaccharolyticus, 95.0, 77.89, 0.12; GCF_900128495.1, s__Phocaeicola ilei, 95.0, 77.85, 0.16; GCA_900546645.1, s__Phocaeicola sp900546645, 95.0, 77.8, 0.16; GCF_000190575.1, s__Phocaeicola salanitronis, 95.0, 77.79, 0.1; GCA_900544075.1, s__Phocaeicola sp900544075, 95.0, 77.71, 0.12; GCA_000434735.1, s__Phocaeicola sp000434735, 95.0, 77.65, 0.12; GCA_900540105.1, s__Phocaeicola sp900540105, 95.0, 77.63, 0.14; GCA_900542985.1, s__Phocaeicola sp900542985, 95.0, 77.63, 0.19; GCA_000432735.1, s__Phocaeicola sp000432735, 95.0, 77.62, 0.16; GCA_900544675.1, s__Phocaeicola sp900544675, 95.0, 77.6, 0.13; GCA_900546355.1, s__Phocaeicola sp900546355, 95.0, 77.59, 0.12; GCA_900552645.1, s__Phocaeicola sp900552645, 95.0, 77.55, 0.16; GCA_900557085.1, s__Phocaeicola sp900557085, 95.0, 77.46, 0.12; GCA_900552075.1, s__Phocaeicola sp900552075, 95.0, 77.45, 0.17; GCA_000436795.1, s__Phocaeicola sp000436795, 95.0, 77.42, 0.15; GCA_900551065.1, s__Phocaeicola sp900551065, 95.0, 77.25, 0.14; GCF_002161565.1, s__Phocaeicola sp002161565, 95.0, 77.19, 0.11; GCA_900546095.1, s__Phocaeicola sp900546095, 95.0, 77.03, 0.09; GCA_900556845.1, s__Phocaeicola sp900556845, 95.0, 76.91, 0.15; GCA_002315285.1, s__Phocaeicola sp002315285, 95.0, 76.76, 0.04; GCA_004558305.1, s__Phocaeicola plebeius_B, 95.0, 76.71, 0.11; GCF_000312445.1, s__Phocaeicola abscessus, 95.0, 76.59, 0.06	97.24	11	N/A	N/A
MAG58	d__Bacteria;p__Bacteroidota;c__Bacteroidia;o__Bacteroidales;f__Bacteroidaceae;g__Phocaeicola;s__Phocaeicola sp002493165	GCA_002493165.1	95.0	d__Bacteria;p__Bacteroidota;c__Bacteroidia;o__Bacteroidales;f__Bacteroidaceae;g__Phocaeicola;s__Phocaeicola sp002493165	99.28	0.85	GCA_002493165.1	95.0	d__Bacteria;p__Bacteroidota;c__Bacteroidia;o__Bacteroidales;f__Bacteroidaceae;g__Phocaeicola;s__Phocaeicola sp002493165	99.28	0.85	d__Bacteria;p__Bacteroidota;c__Bacteroidia;o__Bacteroidales;f__Bacteroidaceae;g__Phocaeicola;s__	taxonomic classification defined by topology and ANI	topological placement and ANI have congruent species assignments	GCA_900554435.1, s__Phocaeicola sp900554435, 95.0, 90.42, 0.56; GCF_000382445.1, s__Phocaeicola massiliensis, 95.0, 90.31, 0.73; GCF_000614185.1, s__Phocaeicola sartorii, 95.0, 80.81, 0.43; GCF_000012825.1, s__Phocaeicola vulgatus, 95.35, 80.65, 0.43; GCF_000156075.1, s__Phocaeicola dorei, 95.35, 80.62, 0.43; GCF_000154845.1, s__Phocaeicola coprocola, 95.0, 79.33, 0.15; GCF_003437535.1, s__Phocaeicola plebeius_A, 95.0, 78.52, 0.16; GCF_000374585.1, s__Phocaeicola barnesiae, 95.0, 78.36, 0.17; GCA_900541515.1, s__Phocaeicola sp900541515, 95.0, 78.29, 0.14; GCF_900128455.1, s__Phocaeicola mediterraneensis, 95.0, 78.27, 0.15; GCF_000187895.1, s__Phocaeicola plebeius, 95.0, 78.27, 0.15; GCA_900066445.1, s__Phocaeicola sp900066445, 95.0, 78.25, 0.13; GCF_000613805.1, s__Phocaeicola paurosaccharolyticus, 95.0, 78.23, 0.1; GCF_900128495.1, s__Phocaeicola ilei, 95.0, 78.22, 0.14; GCA_900066455.1, s__Phocaeicola sp900066455, 95.0, 78.16, 0.15; GCA_900544075.1, s__Phocaeicola sp900544075, 95.0, 78.15, 0.1; GCA_900546645.1, s__Phocaeicola sp900546645, 95.0, 78.14, 0.15; GCA_900553185.1, s__Phocaeicola sp900553185, 95.0, 78.12, 0.2; GCA_900553715.1, s__Phocaeicola sp900553715, 95.0, 78.1, 0.12; GCF_000157915.1, s__Phocaeicola coprophilus, 95.0, 77.97, 0.17; GCA_900540105.1, s__Phocaeicola sp900540105, 95.0, 77.8, 0.14; GCF_000190575.1, s__Phocaeicola salanitronis, 95.0, 77.8, 0.11; GCA_900542985.1, s__Phocaeicola sp900542985, 95.0, 77.79, 0.2; GCA_900551445.1, s__Phocaeicola sp900551445, 95.0, 77.78, 0.15; GCA_000434735.1, s__Phocaeicola sp000434735, 95.0, 77.75, 0.12; GCF_002161765.1, s__Phocaeicola sp002161765, 95.0, 77.68, 0.13; GCA_900552075.1, s__Phocaeicola sp900552075, 95.0, 77.64, 0.16; GCA_900544675.1, s__Phocaeicola sp900544675, 95.0, 77.56, 0.14; GCA_900551065.1, s__Phocaeicola sp900551065, 95.0, 77.54, 0.14; GCA_000432735.1, s__Phocaeicola sp000432735, 95.0, 77.48, 0.17; GCA_900546355.1, s__Phocaeicola sp900546355, 95.0, 77.43, 0.12; GCA_900557085.1, s__Phocaeicola sp900557085, 95.0, 77.31, 0.11; GCA_900552645.1, s__Phocaeicola sp900552645, 95.0, 77.27, 0.14; GCF_002161565.1, s__Phocaeicola sp002161565, 95.0, 77.27, 0.1; GCA_900556845.1, s__Phocaeicola sp900556845, 95.0, 77.16, 0.16; GCA_900551645.1, s__Phocaeicola sp900551645, 95.0, 77.15, 0.15; GCA_000436795.1, s__Phocaeicola sp000436795, 95.0, 77.11, 0.16; GCF_000312445.1, s__Phocaeicola abscessus, 95.0, 76.93, 0.06; GCA_004558305.1, s__Phocaeicola plebeius_B, 95.0, 76.91, 0.1; GCA_900546095.1, s__Phocaeicola sp900546095, 95.0, 76.8, 0.1; GCA_002315285.1, s__Phocaeicola sp002315285, 95.0, 76.61, 0.05	97.04	11	N/A	N/A
MAG10	d__Bacteria;p__Bacteroidota;c__Bacteroidia;o__Bacteroidales;f__Muribaculaceae;g__UBA7173;s__UBA7173 sp001689485	GCA_001689485.1	95.0	d__Bacteria;p__Bacteroidota;c__Bacteroidia;o__Bacteroidales;f__Muribaculaceae;g__UBA7173;s__UBA7173 sp001689485	98.85	0.83	GCA_001689485.1	95.0	d__Bacteria;p__Bacteroidota;c__Bacteroidia;o__Bacteroidales;f__Muribaculaceae;g__UBA7173;s__UBA7173 sp001689485	98.85	0.83	d__Bacteria;p__Bacteroidota;c__Bacteroidia;o__Bacteroidales;f__Muribaculaceae;g__UBA7173;s__	taxonomic classification defined by topology and ANI	topological placement and ANI have congruent species assignments	GCF_004102785.1, s__UBA7173 sp002491305, 95.0, 79.67, 0.21; GCF_004102805.1, s__UBA7173 sp004102805, 95.0, 79.03, 0.16; GCA_900540205.1, s__UBA7173 sp900540205, 95.0, 78.43, 0.25; GCA_001915385.1, s__UBA7173 sp001915385, 95.0, 78.35, 0.1; GCA_900545955.1, s__UBA7173 sp900545955, 95.0, 78.32, 0.19; GCA_900548705.1, s__UBA7173 sp900548705, 95.0, 78.03, 0.15; GCA_900546835.1, s__UBA7173 sp900546835, 95.0, 77.7, 0.21; GCA_001701135.1, s__UBA7173 sp001701135, 95.0, 77.64, 0.18; GCA_004557825.1, s__UBA7173 sp004557825, 95.0, 77.57, 0.16; GCA_001689685.1, s__UBA7173 sp001689685, 95.0, 77.49, 0.16; GCA_900552325.1, s__UBA7173 sp900552325, 95.0, 77.22, 0.17; GCA_900555165.1, s__UBA7173 sp900555165, 95.0, 77.05, 0.18	89.6	11	N/A	N/A
MAG35	d__Bacteria;p__Bacteroidota;c__Bacteroidia;o__Bacteroidales;f__Muribaculaceae;g__UBA7173;s__UBA7173 sp001915385	GCA_001915385.1	95.0	d__Bacteria;p__Bacteroidota;c__Bacteroidia;o__Bacteroidales;f__Muribaculaceae;g__UBA7173;s__UBA7173 sp001915385	96.39	0.75	GCA_001915385.1	95.0	d__Bacteria;p__Bacteroidota;c__Bacteroidia;o__Bacteroidales;f__Muribaculaceae;g__UBA7173;s__UBA7173 sp001915385	96.39	0.75	d__Bacteria;p__Bacteroidota;c__Bacteroidia;o__Bacteroidales;f__Muribaculaceae;g__UBA7173;s__	taxonomic classification defined by topology and ANI	topological placement and ANI have congruent species assignments	GCF_004102805.1, s__UBA7173 sp004102805, 95.0, 81.64, 0.6; GCF_004102785.1, s__UBA7173 sp002491305, 95.0, 77.93, 0.17; GCA_900545955.1, s__UBA7173 sp900545955, 95.0, 77.72, 0.18; GCA_900540205.1, s__UBA7173 sp900540205, 95.0, 77.69, 0.15; GCA_001689485.1, s__UBA7173 sp001689485, 95.0, 77.6, 0.11; GCA_900546835.1, s__UBA7173 sp900546835, 95.0, 77.52, 0.2; GCA_900552325.1, s__UBA7173 sp900552325, 95.0, 77.37, 0.16; GCA_001701135.1, s__UBA7173 sp001701135, 95.0, 77.36, 0.18; GCA_001689685.1, s__UBA7173 sp001689685, 95.0, 77.26, 0.14; GCA_900555165.1, s__UBA7173 sp900555165, 95.0, 77.16, 0.19; GCA_004557825.1, s__UBA7173 sp004557825, 95.0, 77.16, 0.17; GCA_900548705.1, s__UBA7173 sp900548705, 95.0, 76.89, 0.14	94.37	11	N/A	N/A
MAG48	d__Bacteria;p__Bacteroidota;c__Bacteroidia;o__Bacteroidales;f__Muribaculaceae;g__Paramuribaculum;s__Paramuribaculum sp900553585	GCA_900553585.1	95.0	d__Bacteria;p__Bacteroidota;c__Bacteroidia;o__Bacteroidales;f__Muribaculaceae;g__Paramuribaculum;s__Paramuribaculum sp900553585	96.48	0.77	GCA_900553585.1	95.0	d__Bacteria;p__Bacteroidota;c__Bacteroidia;o__Bacteroidales;f__Muribaculaceae;g__Paramuribaculum;s__Paramuribaculum sp900553585	96.48	0.77	d__Bacteria;p__Bacteroidota;c__Bacteroidia;o__Bacteroidales;f__Muribaculaceae;g__Paramuribaculum;s__	taxonomic classification defined by topology and ANI	topological placement and ANI have congruent species assignments	GCA_000431155.1, s__Paramuribaculum sp000431155, 95.0, 78.29, 0.1; GCA_900551515.1, s__Paramuribaculum sp900551515, 95.0, 77.76, 0.19; GCA_001689535.1, s__Paramuribaculum sp001689535, 95.0, 77.67, 0.14; GCF_003024925.1, s__Paramuribaculum intestinale, 95.0, 77.54, 0.13; GCF_003762715.1, s__Paramuribaculum sp001689565, 95.0, 77.51, 0.1; GCA_900546365.1, s__Paramuribaculum sp900546365, 95.0, 77.07, 0.13; GCA_001701115.1, s__Paramuribaculum sp001701115, 95.0, 76.95, 0.08	85.83	11	N/A	N/A
MAG02	d__Bacteria;p__Bacteroidota;c__Bacteroidia;o__Bacteroidales;f__Muribaculaceae;g__CAG-485;s__CAG-485 sp002361155	GCA_002361155.1	95.0	d__Bacteria;p__Bacteroidota;c__Bacteroidia;o__Bacteroidales;f__Muribaculaceae;g__CAG-485;s__CAG-485 sp002361155	98.45	0.75	GCA_002361155.1	95.0	d__Bacteria;p__Bacteroidota;c__Bacteroidia;o__Bacteroidales;f__Muribaculaceae;g__CAG-485;s__CAG-485 sp002361155	98.45	0.75	d__Bacteria;p__Bacteroidota;c__Bacteroidia;o__Bacteroidales;f__Muribaculaceae;g__CAG-485;s__	taxonomic classification defined by topology and ANI	topological placement and ANI have congruent species assignments	GCA_001701295.1, s__CAG-485 sp001701295, 95.0, 77.28, 0.1; GCA_900555915.1, s__CAG-485 sp900555915, 95.0, 77.17, 0.04; GCA_002493515.1, s__CAG-485 sp002493515, 95.0, 76.97, 0.13; GCA_004552395.1, s__CAG-485 sp004552395, 95.0, 76.85, 0.04; GCA_002491945.1, s__CAG-485 sp002491945, 95.0, 76.65, 0.06; GCA_900556595.1, s__CAG-485 sp900556595, 95.0, 76.52, 0.11; GCA_900554345.1, s__CAG-485 sp900554345, 95.0, 76.47, 0.09; GCA_900549375.1, s__CAG-485 sp900549375, 95.0, 76.39, 0.12; GCA_002361235.1, s__CAG-485 sp002361235, 95.0, 76.37, 0.16; GCA_900541835.1, s__CAG-485 sp900541835, 95.0, 76.36, 0.11; GCF_003762615.1, s__CAG-485 sp002493045, 95.0, 76.31, 0.08; GCA_900321585.1, s__CAG-485 sp900321585, 95.0, 76.24, 0.13; GCA_001701075.1, s__CAG-485 sp001701075, 95.0, 76.23, 0.02; GCA_000437495.1, s__CAG-485 sp000437495, 95.0, 76.21, 0.05; GCA_002491165.1, s__CAG-485 sp002491165, 95.0, 76.13, 0.11; GCA_900542185.1, s__CAG-485 sp900542185, 95.0, 76.12, 0.15; GCA_900554845.1, s__CAG-485 sp900554845, 95.0, 76.04, 0.05; GCA_002404675.1, s__CAG-485 sp002404675, 95.0, 75.99, 0.08; GCA_900547755.1, s__CAG-485 sp900547755, 95.0, 75.97, 0.05; GCA_002361215.1, s__CAG-485 sp002361215, 95.0, 75.93, 0.07; GCA_900552315.1, s__CAG-485 sp900552315, 95.0, 75.86, 0.05; GCA_004553095.1, s__CAG-485 sp004553095, 95.0, 75.77, 0.08; GCA_900550645.1, s__CAG-485 sp900550645, 95.0, 75.73, 0.07; GCF_003833075.1, s__CAG-485 sp002362485, 95.0, 75.61, 0.08; GCA_001701105.1, s__CAG-485 sp001701105, 95.0, 75.38, 0.05; GCA_003979075.1, s__CAG-485 sp003979075, 95.0, 74.57, 0.02	45.79	11	N/A	N/A
MAG56	d__Bacteria;p__Bacteroidota;c__Bacteroidia;o__Bacteroidales;f__Tannerellaceae;g__Parabacteroides;s__Parabacteroides goldsteinii	GCF_000969835.1	95.0	d__Bacteria;p__Bacteroidota;c__Bacteroidia;o__Bacteroidales;f__Tannerellaceae;g__Parabacteroides;s__Parabacteroides goldsteinii	98.7	0.9	GCF_000969835.1	95.0	d__Bacteria;p__Bacteroidota;c__Bacteroidia;o__Bacteroidales;f__Tannerellaceae;g__Parabacteroides;s__Parabacteroides goldsteinii	98.7	0.9	d__Bacteria;p__Bacteroidota;c__Bacteroidia;o__Bacteroidales;f__Tannerellaceae;g__Parabacteroides;s__	taxonomic classification defined by topology and ANI	topological placement and ANI have congruent species assignments	GCF_003479145.1, s__Parabacteroides sp003479145, 95.0, 84.67, 0.7; GCF_003480915.1, s__Parabacteroides sp003480915, 95.0, 84.02, 0.62; GCF_000969825.1, s__Parabacteroides gordonii, 95.0, 83.58, 0.59; GCA_900540715.1, s__Parabacteroides sp900540715, 95.0, 82.72, 0.55; GCF_900128505.1, s__Parabacteroides timonensis, 95.0, 82.58, 0.57; GCF_900186615.1, s__Parabacteroides bouchesdurhonensis, 95.0, 79.78, 0.17; GCF_003363715.1, s__Parabacteroides acidifaciens, 95.0, 79.49, 0.32; GCF_000154105.1, s__Parabacteroides merdae, 95.0, 79.45, 0.27; GCF_000156495.1, s__Parabacteroides johnsonii, 95.0, 79.19, 0.27; GCF_900155425.1, s__Parabacteroides sp900155425, 95.0, 78.93, 0.28; GCA_900552465.1, s__Parabacteroides sp900552465, 95.0, 78.88, 0.27; GCF_003473295.1, s__Parabacteroides sp003473295, 95.0, 78.61, 0.23; GCF_900108035.1, s__Parabacteroides chinchillae, 95.0, 78.53, 0.16; GCA_900541965.1, s__Parabacteroides sp900541965, 95.0, 78.52, 0.21; GCF_000012845.1, s__Parabacteroides distasonis, 95.0, 78.37, 0.17; GCF_004793765.1, s__Parabacteroides distasonis_A, 95.0, 78.08, 0.17; GCF_002159645.1, s__Parabacteroides sp002159645, 95.0, 77.32, 0.05; GCA_000436495.1, s__Parabacteroides sp000436495, 95.0, 77.28, 0.11; GCA_004562445.1, s__Parabacteroides sp004562445, 95.0, 77.25, 0.09; GCA_900548175.1, s__Parabacteroides sp900548175, 95.0, 77.19, 0.12; GCA_900552415.1, s__Parabacteroides sp900552415, 95.0, 76.99, 0.07; GCA_900547435.1, s__Parabacteroides sp900547435, 95.0, 76.8, 0.07; GCA_900549585.1, s__Parabacteroides sp900549585, 95.0, 76.55, 0.08	86.79	11	N/A	N/A
MAG38	d__Bacteria;p__Bacteroidota;c__Bacteroidia;o__Bacteroidales;f__UBA932;g__RC9;s__RC9 sp002298075	GCA_002298075.1	95.0	d__Bacteria;p__Bacteroidota;c__Bacteroidia;o__Bacteroidales;f__UBA932;g__RC9;s__RC9 sp002298075	95.53	0.91	GCA_002298075.1	95.0	d__Bacteria;p__Bacteroidota;c__Bacteroidia;o__Bacteroidales;f__UBA932;g__RC9;s__RC9 sp002298075	95.53	0.91	d__Bacteria;p__Bacteroidota;c__Bacteroidia;o__Bacteroidales;f__UBA932;g__RC9;s__	taxonomic classification defined by topology and ANI	topological placement and ANI have congruent species assignments	GCA_900545245.1, s__RC9 sp900545245, 95.0, 78.31, 0.09; GCA_900546395.1, s__RC9 sp900546395, 95.0, 78.09, 0.11; GCA_900317925.1, s__RC9 sp900317925, 95.0, 77.9, 0.05; GCA_002439805.1, s__RC9 sp002439805, 95.0, 77.89, 0.09; GCA_002440085.1, s__RC9 sp002440085, 95.0, 77.65, 0.1; GCF_900167895.1, s__RC9 sp900167895, 95.0, 77.58, 0.03; GCA_004554455.1, s__RC9 sp004554455, 95.0, 77.57, 0.08; GCA_002438635.1, s__RC9 sp002438635, 95.0, 77.41, 0.02; GCA_000434935.1, s__RC9 sp000434935, 95.0, 77.31, 0.08; GCA_900546925.1, s__RC9 sp900546925, 95.0, 77.3, 0.08; GCA_002438905.1, s__RC9 sp002438905, 95.0, 77.3, 0.09; GCA_000431015.1, s__RC9 sp000431015, 95.0, 77.22, 0.06; GCF_900167925.1, s__RC9 sp900167925, 95.0, 77.17, 0.07; GCA_900316675.1, s__RC9 sp900316675, 95.0, 77.14, 0.06; GCA_002451795.1, s__RC9 sp002451795, 95.0, 77.13, 0.05; GCA_002438805.1, s__RC9 sp002438805, 95.0, 77.13, 0.05; GCA_900318955.1, s__RC9 sp900318955, 95.0, 77.12, 0.04; GCA_002314885.1, s__RC9 sp002314885, 95.0, 77.04, 0.06; GCA_900318565.1, s__RC9 sp900318565, 95.0, 77.03, 0.04; GCA_000435075.1, s__RC9 sp000435075, 95.0, 77.03, 0.07; GCA_900544195.1, s__RC9 sp900544195, 95.0, 76.98, 0.06; GCA_900546445.1, s__RC9 sp900546445, 95.0, 76.97, 0.04; GCA_900319855.1, s__RC9 sp900319855, 95.0, 76.93, 0.05; GCA_900320965.1, s__RC9 sp900320965, 95.0, 76.92, 0.03; GCA_900319185.1, s__RC9 sp900319185, 95.0, 76.91, 0.04; GCA_004552615.1, s__RC9 sp004552615, 95.0, 76.9, 0.09; GCA_900541925.1, s__RC9 sp900541925, 95.0, 76.88, 0.05; GCA_002320605.1, s__RC9 sp002320605, 95.0, 76.87, 0.03; GCA_002439095.1, s__RC9 sp002439095, 95.0, 76.84, 0.05; GCA_002439875.1, s__RC9 sp002439875, 95.0, 76.82, 0.05; GCA_900314395.1, s__RC9 sp900314395, 95.0, 76.75, 0.06; GCA_900319975.1, s__RC9 sp900319975, 95.0, 76.74, 0.05; GCA_900317065.1, s__RC9 sp900317065, 95.0, 76.73, 0.06; GCA_900543205.1, s__RC9 sp900543205, 95.0, 76.72, 0.06; GCA_900319375.1, s__RC9 sp900319375, 95.0, 76.72, 0.04; GCA_004552115.1, s__RC9 sp004552115, 95.0, 76.69, 0.11; GCA_900317845.1, s__RC9 sp900317845, 95.0, 76.67, 0.03; GCA_004556005.1, s__RC9 sp004556005, 95.0, 76.67, 0.07; GCA_002350615.1, s__RC9 sp002350615, 95.0, 76.67, 0.03; GCA_000433355.1, s__RC9 sp000433355, 95.0, 76.64, 0.06; GCA_001915575.1, s__RC9 sp001915575, 95.0, 76.64, 0.06; GCA_002438845.1, s__RC9 sp002438845, 95.0, 76.64, 0.06; GCA_004552965.1, s__RC9 sp004552965, 95.0, 76.61, 0.07; GCA_002395605.1, s__RC9 sp002395605, 95.0, 76.57, 0.04; GCA_000432515.1, s__RC9 sp000432515, 95.0, 76.54, 0.09; GCA_002297815.1, s__RC9 sp002297815, 95.0, 76.54, 0.05; GCA_900313205.1, s__RC9 sp900313205, 95.0, 76.46, 0.03; GCA_900320365.1, s__RC9 sp900320365, 95.0, 76.45, 0.03; GCA_002393895.1, s__RC9 sp002393895, 95.0, 76.44, 0.03; GCA_002315825.1, s__RC9 sp002315825, 95.0, 76.43, 0.04; GCA_002472565.1, s__RC9 sp002472565, 95.0, 76.39, 0.04; GCA_900319405.1, s__RC9 sp900319405, 95.0, 76.38, 0.02; GCA_002354005.1, s__RC9 sp002354005, 95.0, 76.37, 0.04; GCA_002315815.1, s__RC9 sp002315815, 95.0, 76.34, 0.03; GCA_900319685.1, s__RC9 sp900319685, 95.0, 76.33, 0.06; GCA_002437305.1, s__RC9 sp002437305, 95.0, 76.31, 0.06; GCA_002439585.1, s__RC9 sp002439585, 95.0, 76.31, 0.05; GCA_002373715.1, s__RC9 sp002373715, 95.0, 76.3, 0.03; GCA_002393945.1, s__RC9 sp002393945, 95.0, 76.3, 0.04; GCA_900316045.1, s__RC9 sp900316045, 95.0, 76.28, 0.03; GCA_002314195.1, s__RC9 sp002314195, 95.0, 76.22, 0.06; GCA_000432655.1, s__RC9 sp000432655, 95.0, 76.22, 0.06; GCA_002321335.1, s__RC9 sp002321335, 95.0, 76.21, 0.06; GCA_900321245.1, s__RC9 sp900321245, 95.0, 76.2, 0.05; GCA_900321655.1, s__RC9 sp900321655, 95.0, 76.14, 0.03; GCA_002308935.1, s__RC9 sp002308935, 95.0, 76.06, 0.03; GCA_002396335.1, s__RC9 sp002396335, 95.0, 76.05, 0.03; GCA_002392525.1, s__RC9 sp002392525, 95.0, 76.03, 0.01; GCA_900318445.1, s__RC9 sp900318445, 95.0, 76.01, 0.04; GCA_002361625.1, s__RC9 sp002361625, 95.0, 76.01, 0.04; GCA_004555145.1, s__RC9 sp004555145, 95.0, 75.99, 0.08; GCA_001602865.1, s__RC9 sp001602865, 95.0, 75.98, 0.05; GCA_900313275.1, s__RC9 sp900313275, 95.0, 75.98, 0.04; GCA_900316245.1, s__RC9 sp900316245, 95.0, 75.97, 0.04; GCA_900318355.1, s__RC9 sp900318355, 95.0, 75.89, 0.03; GCA_900320185.1, s__RC9 sp900320185, 95.0, 75.89, 0.05; GCA_900319485.1, s__RC9 sp900319485, 95.0, 75.87, 0.04; GCA_900316955.1, s__RC9 sp900316955, 95.0, 75.85, 0.03; GCA_900320795.1, s__RC9 sp900320795, 95.0, 75.8, 0.04; GCA_900320545.1, s__RC9 sp900320545, 95.0, 75.79, 0.03; GCA_900320385.1, s__RC9 sp900320385, 95.0, 75.78, 0.03; GCA_001602885.1, s__RC9 sp001602885, 95.0, 75.7, 0.03; GCA_900316525.1, s__RC9 sp900316525, 95.0, 75.69, 0.03; GCA_900321715.1, s__RC9 sp900321715, 95.0, 75.65, 0.03; GCA_002309995.1, s__RC9 sp002309995, 95.0, 75.57, 0.03; GCA_002371115.1, s__RC9 sp002371115, 95.0, 75.51, 0.02; GCA_002395925.1, s__RC9 sp002395925, 95.0, 75.41, 0.02; GCA_900318015.1, s__RC9 sp900318015, 95.0, 75.26, 0.02	95.5	11	N/A	N/A
MAG44	d__Bacteria;p__Bacteroidota;c__Bacteroidia;o__Bacteroidales;f__Rikenellaceae;g__Alistipes;s__Alistipes sp002428825	GCA_002428825.1	95.0	d__Bacteria;p__Bacteroidota;c__Bacteroidia;o__Bacteroidales;f__Rikenellaceae;g__Alistipes;s__Alistipes sp002428825	98.76	0.8	GCA_002428825.1	95.0	d__Bacteria;p__Bacteroidota;c__Bacteroidia;o__Bacteroidales;f__Rikenellaceae;g__Alistipes;s__Alistipes sp002428825	98.76	0.8	d__Bacteria;p__Bacteroidota;c__Bacteroidia;o__Bacteroidales;f__Rikenellaceae;g__Alistipes;s__	taxonomic classification defined by topology and ANI	topological placement and ANI have congruent species assignments	GCA_900553175.1, s__Alistipes sp900553175, 95.0, 81.19, 0.47; GCF_000312145.1, s__Alistipes senegalensis, 95.0, 81.18, 0.58; GCA_002358415.1, s__Alistipes sp002358415, 95.0, 80.92, 0.49; GCA_900544265.1, s__Alistipes sp900544265, 95.0, 80.88, 0.56; GCF_000265365.1, s__Alistipes finegoldii, 95.0, 80.88, 0.58; GCF_900290115.1, s__Alistipes sp900290115, 95.0, 80.84, 0.54; GCA_900548155.1, s__Alistipes sp900548155, 95.0, 80.83, 0.3; GCF_006542685.1, s__Alistipes sp006542685, 95.0, 80.82, 0.56; GCA_900541585.1, s__Alistipes sp900541585, 95.0, 80.8, 0.56; GCF_000210575.1, s__Alistipes shahii, 95.0, 80.79, 0.58; GCF_900083545.1, s__Alistipes sp900083545, 95.0, 80.71, 0.59; GCA_900542505.1, s__Alistipes sp900542505, 95.0, 80.58, 0.54; GCF_002161445.1, s__Alistipes sp002161445, 95.0, 80.51, 0.55; GCF_900107675.1, s__Alistipes timonensis, 95.0, 80.32, 0.57; GCA_001941065.1, s__Alistipes sp001941065, 95.0, 80.21, 0.55; GCA_000434235.1, s__Alistipes sp000434235, 95.0, 80.18, 0.5; GCF_000374505.1, s__Alistipes onderdonkii, 95.0, 80.07, 0.56; GCA_900549305.1, s__Alistipes sp900549305, 95.0, 79.97, 0.44; GCF_900604385.1, s__Alistipes sp002159375, 95.0, 79.85, 0.53; GCF_900021155.1, s__Alistipes sp900021155, 95.0, 79.29, 0.49; GCA_900552955.1, s__Alistipes sp900552955, 95.0, 79.0, 0.36; GCF_000311925.1, s__Alistipes obesi, 95.0, 78.94, 0.46; GCA_003979135.1, s__Alistipes sp003979135, 95.0, 78.91, 0.4; GCA_900550375.1, s__Alistipes sp900550375, 95.0, 78.29, 0.37; GCA_002362235.1, s__Alistipes sp002362235, 95.0, 78.24, 0.21; GCF_000154465.1, s__Alistipes putredinis, 95.0, 78.16, 0.31; GCA_900546065.1, s__Alistipes sp900546065, 95.0, 77.94, 0.22; GCA_900550925.1, s__Alistipes sp900550925, 95.0, 76.71, 0.19; GCA_002293345.1, s__Alistipes sp002293345, 95.0, 76.44, 0.07	40.67	11	N/A	N/A
MAG24	d__Bacteria;p__Bacteroidota;c__Bacteroidia;o__Bacteroidales;f__Rikenellaceae;g__Alistipes;s__Alistipes sp002362235	GCA_002362235.1	95.0	d__Bacteria;p__Bacteroidota;c__Bacteroidia;o__Bacteroidales;f__Rikenellaceae;g__Alistipes;s__Alistipes sp002362235	98.54	0.9	GCA_002362235.1	95.0	d__Bacteria;p__Bacteroidota;c__Bacteroidia;o__Bacteroidales;f__Rikenellaceae;g__Alistipes;s__Alistipes sp002362235	98.54	0.9	d__Bacteria;p__Bacteroidota;c__Bacteroidia;o__Bacteroidales;f__Rikenellaceae;g__Alistipes;s__	taxonomic classification defined by topology and ANI	topological placement and ANI have congruent species assignments	GCA_900548155.1, s__Alistipes sp900548155, 95.0, 78.67, 0.24; GCF_000311925.1, s__Alistipes obesi, 95.0, 78.66, 0.29; GCF_000312145.1, s__Alistipes senegalensis, 95.0, 78.6, 0.3; GCF_006542685.1, s__Alistipes sp006542685, 95.0, 78.56, 0.3; GCF_900290115.1, s__Alistipes sp900290115, 95.0, 78.54, 0.33; GCA_900544265.1, s__Alistipes sp900544265, 95.0, 78.54, 0.32; GCA_002428825.1, s__Alistipes sp002428825, 95.0, 78.53, 0.27; GCA_002358415.1, s__Alistipes sp002358415, 95.0, 78.4, 0.33; GCA_900552955.1, s__Alistipes sp900552955, 95.0, 78.36, 0.3; GCA_900546065.1, s__Alistipes sp900546065, 95.0, 78.32, 0.31; GCA_003979135.1, s__Alistipes sp003979135, 95.0, 78.31, 0.18; GCA_000434235.1, s__Alistipes sp000434235, 95.0, 78.27, 0.27; GCF_000210575.1, s__Alistipes shahii, 95.0, 78.24, 0.31; GCA_900553175.1, s__Alistipes sp900553175, 95.0, 78.23, 0.31; GCA_900542505.1, s__Alistipes sp900542505, 95.0, 78.18, 0.29; GCA_001941065.1, s__Alistipes sp001941065, 95.0, 78.18, 0.26; GCF_900083545.1, s__Alistipes sp900083545, 95.0, 78.18, 0.31; GCF_000265365.1, s__Alistipes finegoldii, 95.0, 78.15, 0.29; GCF_002161445.1, s__Alistipes sp002161445, 95.0, 78.15, 0.29; GCF_900604385.1, s__Alistipes sp002159375, 95.0, 78.11, 0.28; GCA_900549305.1, s__Alistipes sp900549305, 95.0, 78.07, 0.18; GCA_900541585.1, s__Alistipes sp900541585, 95.0, 78.04, 0.28; GCF_900107675.1, s__Alistipes timonensis, 95.0, 78.01, 0.29; GCF_000374505.1, s__Alistipes onderdonkii, 95.0, 77.99, 0.29; GCF_900021155.1, s__Alistipes sp900021155, 95.0, 77.79, 0.27; GCF_000154465.1, s__Alistipes putredinis, 95.0, 77.74, 0.2; GCA_900550375.1, s__Alistipes sp900550375, 95.0, 77.72, 0.23; GCA_900550925.1, s__Alistipes sp900550925, 95.0, 77.17, 0.14; GCA_002293345.1, s__Alistipes sp002293345, 95.0, 77.02, 0.11	93.67	11	N/A	N/A
MAG16	d__Bacteria;p__Verrucomicrobiota;c__Verrucomicrobiae;o__Verrucomicrobiales;f__Akkermansiaceae;g__Akkermansia;s__Akkermansia muciniphila	GCF_000020225.1	95.0	d__Bacteria;p__Verrucomicrobiota;c__Verrucomicrobiae;o__Verrucomicrobiales;f__Akkermansiaceae;g__Akkermansia;s__Akkermansia muciniphila	98.81	0.93	GCF_000020225.1	95.0	d__Bacteria;p__Verrucomicrobiota;c__Verrucomicrobiae;o__Verrucomicrobiales;f__Akkermansiaceae;g__Akkermansia;s__Akkermansia muciniphila	98.81	0.93	d__Bacteria;p__Verrucomicrobiota;c__Verrucomicrobiae;o__Verrucomicrobiales;f__Akkermansiaceae;g__Akkermansia;s__	taxonomic classification defined by topology and ANI	topological placement and ANI have congruent species assignments	GCF_900184965.1, s__Akkermansia muciniphila_A, 95.0, 93.83, 0.86; GCF_002885095.1, s__Akkermansia muciniphila_B, 95.0, 87.31, 0.83; GCF_002884975.1, s__Akkermansia muciniphila_C, 95.0, 85.87, 0.82; GCF_001580195.1, s__Akkermansia sp001580195, 95.0, 82.57, 0.69; GCF_004167605.1, s__Akkermansia sp004167605, 95.0, 82.27, 0.74; GCA_900545155.1, s__Akkermansia sp900545155, 95.0, 77.43, 0.12; GCF_001683795.1, s__Akkermansia glycaniphila, 95.0, 77.35, 0.11; GCA_900548895.1, s__Akkermansia sp900548895, 95.0, 76.79, 0.07; GCA_002471255.1, s__Akkermansia sp002471255, 95.0, 76.65, 0.05; GCA_004557455.1, s__Akkermansia muciniphila_D, 95.0, 76.31, 0.07; GCA_002358905.1, s__Akkermansia sp002358905, 95.0, 75.9, 0.04	92.56	11	N/A	N/A
MAG51	d__Bacteria;p__Deferribacterota;c__Deferribacteres;o__Deferribacterales;f__Mucispirillaceae;g__Mucispirillum;s__Mucispirillum schaedleri	GCF_000487995.1	95.0	d__Bacteria;p__Deferribacterota;c__Deferribacteres;o__Deferribacterales;f__Mucispirillaceae;g__Mucispirillum;s__Mucispirillum schaedleri	99.91	0.99	GCF_000487995.1	95.0	d__Bacteria;p__Deferribacterota;c__Deferribacteres;o__Deferribacterales;f__Mucispirillaceae;g__Mucispirillum;s__Mucispirillum schaedleri	99.91	0.99	d__Bacteria;p__Deferribacterota;c__Deferribacteres;o__Deferribacterales;f__;g__;s__	taxonomic classification defined by topology and ANI	topological placement and ANI have congruent species assignments	N/A	90.02	11	N/A	N/A
MAG12	d__Bacteria;p__Firmicutes_A;c__Clostridia;o__Oscillospirales;f__Acutalibacteraceae;g__Eubacterium_R;s__	N/A	N/A	N/A	N/A	N/A	GCA_002361935.1	95.0	d__Bacteria;p__Firmicutes_A;c__Clostridia;o__Oscillospirales;f__Acutalibacteraceae;g__Eubacterium_R;s__Eubacterium_R sp002361935	81.11	0.58	d__Bacteria;p__Firmicutes_A;c__Clostridia;o__Oscillospirales;f__Acutalibacteraceae;g__Eubacterium_R;s__	taxonomic classification defined by topology and ANI	N/A	GCA_900555015.1, s__Eubacterium_R sp900555015, 95.0, 78.94, 0.31; GCA_900540305.1, s__Eubacterium_R sp900540305, 95.0, 78.59, 0.3; GCA_002493325.1, s__Eubacterium_R sp002493325, 95.0, 78.46, 0.32; GCA_900543795.1, s__Eubacterium_R sp900543795, 95.0, 78.46, 0.42; GCA_900544515.1, s__Eubacterium_R sp900544515, 95.0, 78.08, 0.27; GCA_000433975.1, s__Eubacterium_R sp000433975, 95.0, 77.95, 0.26; GCA_900539775.1, s__Eubacterium_R sp900539775, 95.0, 77.92, 0.3; GCA_900540235.1, s__Eubacterium_R sp900540235, 95.0, 77.85, 0.2; GCA_002493595.1, s__Eubacterium_R sp002493595, 95.0, 77.83, 0.24; GCA_000436835.1, s__Eubacterium_R sp000436835, 95.0, 77.77, 0.24; GCA_000434995.1, s__Eubacterium_R sp000434995, 95.0, 77.75, 0.24; GCA_900539325.1, s__Eubacterium_R sp900539325, 95.0, 77.7, 0.19; GCA_900321905.1, s__Eubacterium_R sp900321905, 95.0, 77.57, 0.09; GCA_900539425.1, s__Eubacterium_R sp900539425, 95.0, 77.56, 0.25; GCF_900167205.1, s__Eubacterium_R coprostanoligenes, 95.0, 77.55, 0.2; GCA_900547915.1, s__Eubacterium_R sp900547915, 95.0, 77.52, 0.23; GCA_002329285.1, s__Eubacterium_R sp002329285, 95.0, 77.48, 0.26; GCA_900539845.1, s__Eubacterium_R sp900539845, 95.0, 77.47, 0.2; GCA_003526845.1, s__Eubacterium_R sp003526845, 95.0, 77.42, 0.19; GCA_900539165.1, s__Eubacterium_R sp900539165, 95.0, 77.37, 0.17; GCA_900546785.1, s__Eubacterium_R sp900546785, 95.0, 77.34, 0.16; GCA_900542875.1, s__Eubacterium_R sp900542875, 95.0, 77.25, 0.15; GCA_000431535.1, s__Eubacterium_R sp000431535, 95.0, 77.06, 0.16; GCA_002371215.1, s__Eubacterium_R sp002371215, 95.0, 76.93, 0.13; GCA_002494125.1, s__Eubacterium_R sp002494125, 95.0, 76.87, 0.17; GCA_900316345.1, s__Eubacterium_R sp900316345, 95.0, 76.75, 0.15; GCA_900548085.1, s__Eubacterium_R sp900548085, 95.0, 76.61, 0.12	95.34	11	0.955638783414947	N/A
MAG19	d__Bacteria;p__Firmicutes_A;c__Clostridia;o__Oscillospirales;f__Ruminococcaceae;g__Angelakisella;s__	N/A	N/A	N/A	N/A	N/A	GCF_900104675.1	95.0	d__Bacteria;p__Firmicutes_A;c__Clostridia;o__Oscillospirales;f__Ruminococcaceae;g__Angelakisella;s__Angelakisella massiliensis	77.31	0.2	d__Bacteria;p__Firmicutes_A;c__Clostridia;o__Oscillospirales;f__Ruminococcaceae;g__Angelakisella;s__	taxonomic classification defined by topology and ANI	N/A	GCA_004557855.1, s__Angelakisella sp004557855, 95.0, 77.38, 0.12; GCA_004554485.1, s__Angelakisella sp004554485, 95.0, 77.22, 0.14; GCA_900547385.1, s__Angelakisella sp900547385, 95.0, 76.78, 0.09; GCA_900552845.1, s__Angelakisella sp900552845, 95.0, 76.76, 0.06; GCA_003453215.1, s__Angelakisella sp003453215, 95.0, 76.44, 0.06	85.42	11	0.9031537841400675	N/A
MAG41	d__Bacteria;p__Firmicutes_A;c__Clostridia;o__Oscillospirales;f__Oscillospiraceae;g__;s__	N/A	N/A	N/A	N/A	N/A	N/A	N/A	N/A	N/A	N/A	d__Bacteria;p__Firmicutes_A;c__Clostridia;o__Oscillospirales;f__Oscillospiraceae;g__;s__	taxonomic novelty determined using RED	N/A	N/A	53.04	11	0.9185103776827211	N/A
MAG63	d__Bacteria;p__Firmicutes_A;c__Clostridia;o__Oscillospirales;f__Oscillospiraceae;g__;s__	N/A	N/A	N/A	N/A	N/A	N/A	N/A	N/A	N/A	N/A	d__Bacteria;p__Firmicutes_A;c__Clostridia;o__Oscillospirales;f__Oscillospiraceae;g__;s__	taxonomic novelty determined using RED	N/A	N/A	78.27	11	0.917680099818186	N/A
MAG21	d__Bacteria;p__Firmicutes_A;c__Clostridia;o__Oscillospirales;f__Oscillospiraceae;g__;s__	N/A	N/A	N/A	N/A	N/A	N/A	N/A	N/A	N/A	N/A	d__Bacteria;p__Firmicutes_A;c__Clostridia;o__Oscillospirales;f__Oscillospiraceae;g__;s__	taxonomic novelty determined using RED	N/A	N/A	84.8	11	0.9172339570704392	N/A
MAG59	d__Bacteria;p__Firmicutes_A;c__Clostridia;o__Oscillospirales;f__Oscillospiraceae;g__;s__	N/A	N/A	N/A	N/A	N/A	N/A	N/A	N/A	N/A	N/A	d__Bacteria;p__Firmicutes_A;c__Clostridia;o__Oscillospirales;f__Oscillospiraceae;g__;s__	taxonomic novelty determined using RED	N/A	N/A	45.08	11	0.9165992849197714	N/A
MAG46	d__Bacteria;p__Firmicutes_A;c__Clostridia;o__Oscillospirales;f__Oscillospiraceae;g__UBA9475;s__	N/A	N/A	N/A	N/A	N/A	GCA_004560375.1	95.0	d__Bacteria;p__Firmicutes_A;c__Clostridia;o__Oscillospirales;f__Oscillospiraceae;g__UBA9475;s__UBA9475 sp004560375	84.02	0.43	d__Bacteria;p__Firmicutes_A;c__Clostridia;o__Oscillospirales;f__Oscillospiraceae;g__UBA9475;s__	taxonomic classification defined by topology and ANI	N/A	GCF_002161675.1, s__UBA9475 sp002161675, 95.0, 79.76, 0.22; GCF_002161235.1, s__UBA9475 sp002161235, 95.0, 79.14, 0.19; GCA_003534045.1, s__UBA9475 sp003534045, 95.0, 78.7, 0.32; GCA_900549885.1, s__UBA9475 sp900549885, 95.0, 78.51, 0.21; GCA_900554075.1, s__UBA9475 sp900554075, 95.0, 77.71, 0.21	67.08	11	0.9768088954593097	Genome has more than 12.5% of markers with multiple hits
MAG50	d__Bacteria;p__Firmicutes_A;c__Clostridia;o__Oscillospirales;f__Oscillospiraceae;g__UBA9475;s__	N/A	N/A	N/A	N/A	N/A	GCA_004560375.1	95.0	d__Bacteria;p__Firmicutes_A;c__Clostridia;o__Oscillospirales;f__Oscillospiraceae;g__UBA9475;s__UBA9475 sp004560375	84.79	0.58	d__Bacteria;p__Firmicutes_A;c__Clostridia;o__Oscillospirales;f__Oscillospiraceae;g__UBA9475;s__	taxonomic classification defined by topology and ANI	N/A	GCF_002161675.1, s__UBA9475 sp002161675, 95.0, 80.53, 0.37; GCF_002161235.1, s__UBA9475 sp002161235, 95.0, 79.7, 0.32; GCA_003534045.1, s__UBA9475 sp003534045, 95.0, 79.59, 0.3; GCA_900549885.1, s__UBA9475 sp900549885, 95.0, 79.4, 0.31; GCA_900554075.1, s__UBA9475 sp900554075, 95.0, 79.02, 0.19	83.08	11	0.9750902905787308	N/A
MAG18	d__Bacteria;p__Firmicutes_A;c__Clostridia;o__Oscillospirales;f__Oscillospiraceae;g__Lawsonibacter;s__	N/A	N/A	N/A	N/A	N/A	N/A	N/A	N/A	N/A	N/A	d__Bacteria;p__Firmicutes_A;c__Clostridia;o__Oscillospirales;f__Oscillospiraceae;g__Lawsonibacter;s__	ANI	N/A	GCF_000492175.1, s__Lawsonibacter sp000492175, 95.0, 79.91, 0.35; GCF_003612335.1, s__Lawsonibacter sp003612335, 95.0, 79.6, 0.31; GCF_002161175.1, s__Lawsonibacter sp002161175, 95.0, 78.27, 0.16; GCA_900550705.1, s__Lawsonibacter sp900550705, 95.0, 78.26, 0.13; GCF_003478995.1, s__Lawsonibacter sp003478995, 95.0, 78.13, 0.13; GCA_900553135.1, s__Lawsonibacter sp900553135, 95.0, 77.94, 0.12; GCA_900066645.1, s__Lawsonibacter sp900066645, 95.0, 77.93, 0.14; GCF_003573975.1, s__Lawsonibacter sp900066825, 95.0, 77.77, 0.15; GCF_000177015.3, s__Lawsonibacter sp000177015, 95.0, 77.63, 0.14; GCA_900545895.1, s__Lawsonibacter sp900545895, 95.0, 77.63, 0.14; GCA_900549405.1, s__Lawsonibacter sp900549405, 95.0, 77.54, 0.15; GCF_003112755.1, s__Lawsonibacter asaccharolyticus, 95.0, 77.44, 0.15; GCF_002160305.1, s__Lawsonibacter sp002160305, 95.0, 77.36, 0.19	43.81	11	0.9776020540974986	N/A
MAG15	d__Bacteria;p__Firmicutes_A;c__Clostridia;o__Lachnospirales;f__Lachnospiraceae;g__UBA7182;s__	N/A	N/A	N/A	N/A	N/A	GCA_002491115.1	95.0	d__Bacteria;p__Firmicutes_A;c__Clostridia;o__Lachnospirales;f__Lachnospiraceae;g__UBA7182;s__UBA7182 sp002491115	78.11	0.29	d__Bacteria;p__Firmicutes_A;c__Clostridia;o__Lachnospirales;f__Lachnospiraceae;g__UBA7182;s__	taxonomic classification defined by topology and ANI	N/A	GCF_002160135.1, s__UBA7182 sp002160135, 95.0, 77.79, 0.2; GCF_003480725.1, s__UBA7182 sp003480725, 95.0, 77.49, 0.14; GCF_003481535.1, s__UBA7182 sp003481535, 95.0, 77.42, 0.17; GCA_001941045.1, s__UBA7182 sp001941045, 95.0, 76.6, 0.11	69.27	11	0.9452052562997275	N/A
MAG06	d__Bacteria;p__Firmicutes_A;c__Clostridia;o__Lachnospirales;f__Lachnospiraceae;g__;s__	N/A	N/A	N/A	N/A	N/A	N/A	N/A	N/A	N/A	N/A	d__Bacteria;p__Firmicutes_A;c__Clostridia;o__Lachnospirales;f__Lachnospiraceae;g__;s__	taxonomic novelty determined using RED	N/A	N/A	92.72	11	0.909169332731502	N/A
MAG07	d__Bacteria;p__Firmicutes_A;c__Clostridia;o__Lachnospirales;f__Lachnospiraceae;g__Dorea;s__	N/A	N/A	N/A	N/A	N/A	GCF_000403475.2	95.0	d__Bacteria;p__Firmicutes_A;c__Clostridia;o__Lachnospirales;f__Lachnospiraceae;g__Dorea;s__Dorea sp000403475	87.23	0.6	d__Bacteria;p__Firmicutes_A;c__Clostridia;o__Lachnospirales;f__Lachnospiraceae;g__Dorea;s__	taxonomic classification defined by topology and ANI	N/A	GCF_000403455.2, s__Dorea sp000403455, 95.0, 78.25, 0.21; GCA_000433535.1, s__Dorea sp000433535, 95.0, 77.68, 0.12; GCA_900066765.1, s__Dorea sp900066765, 95.0, 77.67, 0.13; GCF_004295125.1, s__Dorea scindens, 95.0, 77.5, 0.18; GCF_000154065.1, s__Dorea longicatena, 95.0, 77.48, 0.09; GCF_001754075.1, s__Dorea faecis, 95.0, 77.42, 0.17; GCF_900312975.1, s__Dorea sp900312975, 95.0, 77.41, 0.16; GCA_900543315.1, s__Dorea sp900543315, 95.0, 77.4, 0.11; GCF_000156515.1, s__Dorea hylemonae, 95.0, 77.35, 0.15; GCF_001185345.1, s__Dorea sp001185345, 95.0, 77.19, 0.15; GCA_900543415.1, s__Dorea sp900543415, 95.0, 77.14, 0.11; GCF_003435815.1, s__Dorea sp000433215, 95.0, 77.13, 0.12; GCF_000509125.1, s__Dorea sp000509125, 95.0, 77.11, 0.2; GCF_000765215.1, s__Dorea sp000765215, 95.0, 77.05, 0.11; GCF_001404875.1, s__Dorea longicatena_B, 95.0, 77.04, 0.09; GCA_900553355.1, s__Dorea sp900553355, 95.0, 77.03, 0.13; GCF_004345005.1, s__Dorea muris, 95.0, 77.02, 0.15; GCF_900240315.1, s__Dorea sp900240315, 95.0, 77.02, 0.1; GCF_002160985.1, s__Dorea sp002160985, 95.0, 76.86, 0.12; GCF_000169235.1, s__Dorea formicigenerans, 95.0, 76.85, 0.08; GCF_900120345.1, s__Dorea phocaeensis, 95.0, 76.82, 0.13; GCA_900550865.1, s__Dorea sp900550865, 95.0, 76.77, 0.09; GCA_002492335.1, s__Dorea sp002492335, 95.0, 76.45, 0.1; GCF_003477705.1, s__Dorea sp900066555, 95.0, 76.4, 0.08	63.83	11	0.9752812799422707	N/A
MAG36	d__Bacteria;p__Firmicutes_A;c__Clostridia;o__Lachnospirales;f__Lachnospiraceae;g__Dorea;s__	N/A	N/A	N/A	N/A	N/A	GCF_000403455.2	95.0	d__Bacteria;p__Firmicutes_A;c__Clostridia;o__Lachnospirales;f__Lachnospiraceae;g__Dorea;s__Dorea sp000403455	82.08	0.39	d__Bacteria;p__Firmicutes_A;c__Clostridia;o__Lachnospirales;f__Lachnospiraceae;g__Dorea;s__	taxonomic classification defined by topology and ANI	N/A	GCF_004345005.1, s__Dorea muris, 95.0, 78.0, 0.11; GCF_000509125.1, s__Dorea sp000509125, 95.0, 77.75, 0.14; GCA_900066765.1, s__Dorea sp900066765, 95.0, 77.73, 0.1; GCF_004295125.1, s__Dorea scindens, 95.0, 77.72, 0.15; GCF_000403475.2, s__Dorea sp000403475, 95.0, 77.61, 0.14; GCF_001404875.1, s__Dorea longicatena_B, 95.0, 77.6, 0.08; GCF_900240315.1, s__Dorea sp900240315, 95.0, 77.59, 0.13; GCF_000154065.1, s__Dorea longicatena, 95.0, 77.57, 0.1; GCA_900543315.1, s__Dorea sp900543315, 95.0, 77.52, 0.08; GCF_003435815.1, s__Dorea sp000433215, 95.0, 77.44, 0.1; GCF_000169235.1, s__Dorea formicigenerans, 95.0, 77.42, 0.08; GCF_001754075.1, s__Dorea faecis, 95.0, 77.35, 0.12; GCA_900543415.1, s__Dorea sp900543415, 95.0, 77.25, 0.12; GCA_000433535.1, s__Dorea sp000433535, 95.0, 77.23, 0.11; GCF_003477705.1, s__Dorea sp900066555, 95.0, 77.2, 0.07; GCF_000156515.1, s__Dorea hylemonae, 95.0, 77.18, 0.11; GCF_001185345.1, s__Dorea sp001185345, 95.0, 77.17, 0.11; GCA_900553355.1, s__Dorea sp900553355, 95.0, 77.1, 0.13; GCF_900120345.1, s__Dorea phocaeensis, 95.0, 76.97, 0.06; GCF_900312975.1, s__Dorea sp900312975, 95.0, 76.92, 0.12; GCA_900550865.1, s__Dorea sp900550865, 95.0, 76.9, 0.11; GCA_002492335.1, s__Dorea sp002492335, 95.0, 76.8, 0.12; GCF_002160985.1, s__Dorea sp002160985, 95.0, 76.6, 0.07; GCF_000765215.1, s__Dorea sp000765215, 95.0, 76.59, 0.06	76.75	11	0.9738811725489701	N/A
MAG05	d__Bacteria;p__Firmicutes_A;c__Clostridia;o__Lachnospirales;f__Lachnospiraceae;g__An181;s__	N/A	N/A	N/A	N/A	N/A	GCF_002160325.1	95.0	d__Bacteria;p__Firmicutes_A;c__Clostridia;o__Lachnospirales;f__Lachnospiraceae;g__An181;s__An181 sp002160325	78.18	0.13	d__Bacteria;p__Firmicutes_A;c__Clostridia;o__Lachnospirales;f__Lachnospiraceae;g__;s__	taxonomic classification defined by topology and ANI	N/A	N/A	73.49	11	0.9299759650565611	Genome has more than 18.3% of markers with multiple hits
MAG32	d__Bacteria;p__Firmicutes_A;c__Clostridia;o__Lachnospirales;f__Lachnospiraceae;g__1XD42-69;s__	N/A	N/A	N/A	N/A	N/A	GCF_003612565.1	95.0	d__Bacteria;p__Firmicutes_A;c__Clostridia;o__Lachnospirales;f__Lachnospiraceae;g__1XD42-69;s__1XD42-69 sp003612565	79.55	0.16	d__Bacteria;p__Firmicutes_A;c__Clostridia;o__Lachnospirales;f__Lachnospiraceae;g__;s__	taxonomic classification defined by topology and ANI	N/A	N/A	90.28	11	0.9145900829415424	N/A
MAG28	d__Bacteria;p__Firmicutes_A;c__Clostridia;o__Lachnospirales;f__Lachnospiraceae;g__1XD42-69;s__	N/A	N/A	N/A	N/A	N/A	GCF_003612565.1	95.0	d__Bacteria;p__Firmicutes_A;c__Clostridia;o__Lachnospirales;f__Lachnospiraceae;g__1XD42-69;s__1XD42-69 sp003612565	76.94	0.12	d__Bacteria;p__Firmicutes_A;c__Clostridia;o__Lachnospirales;f__Lachnospiraceae;g__;s__	taxonomic classification defined by topology and ANI	N/A	N/A	67.26	11	0.9099805590881953	N/A
MAG53	d__Bacteria;p__Firmicutes_A;c__Clostridia;o__Lachnospirales;f__Lachnospiraceae;g__14-2;s__	N/A	N/A	N/A	N/A	N/A	N/A	N/A	N/A	N/A	N/A	d__Bacteria;p__Firmicutes_A;c__Clostridia;o__Lachnospirales;f__Lachnospiraceae;g__14-2;s__	ANI	N/A	GCF_000403255.1, s__14-2 sp000403255, 95.0, 79.42, 0.22; GCF_000403315.2, s__14-2 sp000403315, 95.0, 79.34, 0.2; GCF_004793545.1, s__14-2 sp004793545, 95.0, 79.26, 0.23; GCF_000403845.2, s__14-2 sp000403845, 95.0, 79.18, 0.2; GCF_001940225.1, s__14-2 sp001940225, 95.0, 78.06, 0.11	93.79	11	0.9176257346404031	N/A
MAG04	d__Bacteria;p__Firmicutes_A;c__Clostridia;o__Lachnospirales;f__Lachnospiraceae;g__;s__	N/A	N/A	N/A	N/A	N/A	N/A	N/A	N/A	N/A	N/A	d__Bacteria;p__Firmicutes_A;c__Clostridia;o__Lachnospirales;f__Lachnospiraceae;g__;s__	taxonomic novelty determined using RED	N/A	N/A	91.92	11	0.9243837010276871	N/A
MAG23	d__Bacteria;p__Firmicutes_A;c__Clostridia;o__Lachnospirales;f__Lachnospiraceae;g__Kineothrix;s__	N/A	N/A	N/A	N/A	N/A	GCF_000403275.1	95.0	d__Bacteria;p__Firmicutes_A;c__Clostridia;o__Lachnospirales;f__Lachnospiraceae;g__Kineothrix;s__Kineothrix sp000403275	84.2	0.75	d__Bacteria;p__Firmicutes_A;c__Clostridia;o__Lachnospirales;f__Lachnospiraceae;g__Kineothrix;s__	taxonomic classification defined by topology and ANI	N/A	GCA_003488965.1, s__Kineothrix sp003488965, 95.0, 78.87, 0.35; GCF_000732725.1, s__Kineothrix alysoides, 95.0, 77.02, 0.14	85.3	11	0.9823570180404455	Genome not assigned to closest species as it falls outside its pre-defined ANI radius
MAG13	d__Bacteria;p__Firmicutes_A;c__Clostridia;o__Lachnospirales;f__Lachnospiraceae;g__;s__	N/A	N/A	N/A	N/A	N/A	N/A	N/A	N/A	N/A	N/A	d__Bacteria;p__Firmicutes_A;c__Clostridia;o__Lachnospirales;f__Lachnospiraceae;g__;s__	taxonomic novelty determined using RED	N/A	N/A	86.65	11	0.8993986687879328	N/A
MAG55	d__Bacteria;p__Firmicutes_A;c__Clostridia;o__Lachnospirales;f__Lachnospiraceae;g__1XD8-76;s__	N/A	N/A	N/A	N/A	N/A	GCF_003611955.1	95.0	d__Bacteria;p__Firmicutes_A;c__Clostridia;o__Lachnospirales;f__Lachnospiraceae;g__1XD8-76;s__1XD8-76 sp003611955	80.09	0.43	d__Bacteria;p__Firmicutes_A;c__Clostridia;o__Lachnospirales;f__Lachnospiraceae;g__;s__	taxonomic classification defined by topology and ANI	N/A	N/A	93.97	11	0.9718142098756967	N/A
MAG43	d__Bacteria;p__Firmicutes_A;c__Clostridia;o__Lachnospirales;f__Lachnospiraceae;g__CAG-95;s__	N/A	N/A	N/A	N/A	N/A	N/A	N/A	N/A	N/A	N/A	d__Bacteria;p__Firmicutes_A;c__Clostridia;o__Lachnospirales;f__Lachnospiraceae;g__CAG-95;s__	ANI	N/A	GCF_003612395.1, s__CAG-95 sp003612395, 95.0, 78.7, 0.21; GCF_000403495.2, s__CAG-95 sp000403495, 95.0, 78.05, 0.15; GCA_002492465.1, s__CAG-95 sp002492465, 95.0, 77.74, 0.23; GCA_002490775.1, s__CAG-95 sp002490775, 95.0, 77.41, 0.18; GCA_900554925.1, s__CAG-95 sp900554925, 95.0, 77.36, 0.26; GCA_000436115.1, s__CAG-95 sp000436115, 95.0, 77.13, 0.18; GCA_900553305.1, s__CAG-95 sp900553305, 95.0, 77.12, 0.1; GCF_003490145.1, s__CAG-95 sp900066375, 95.0, 76.71, 0.1; GCA_000438155.1, s__CAG-95 sp000438155, 95.0, 76.58, 0.1	92.0	11	0.9638732824435404	N/A
MAG31	d__Bacteria;p__Firmicutes_A;c__Clostridia;o__Lachnospirales;f__Lachnospiraceae;g__Acetatifactor;s__	N/A	N/A	N/A	N/A	N/A	GCA_900320485.1	95.0	d__Bacteria;p__Firmicutes_A;c__Clostridia;o__Lachnospirales;f__Lachnospiraceae;g__Acetatifactor;s__Acetatifactor sp900320485	76.93	0.06	d__Bacteria;p__Firmicutes_A;c__Clostridia;o__Lachnospirales;f__Lachnospiraceae;g__Acetatifactor;s__	taxonomic classification defined by topology and ANI	N/A	GCF_003612485.1, s__Acetatifactor sp003612485, 95.0, 77.72, 0.16; GCF_900248245.1, s__Acetatifactor muris, 95.0, 77.58, 0.14; GCF_003481565.1, s__Acetatifactor sp900066365, 95.0, 76.99, 0.09; GCF_003584705.1, s__Acetatifactor sp900066565, 95.0, 76.67, 0.11; GCA_002431915.1, s__Acetatifactor sp002431915, 95.0, 76.67, 0.12; GCA_003447295.1, s__Acetatifactor sp003447295, 95.0, 76.55, 0.1; GCA_002490995.1, s__Acetatifactor sp002490995, 95.0, 76.51, 0.12; GCA_002368865.1, s__Acetatifactor sp002368865, 95.0, 76.44, 0.08; GCA_900554205.1, s__Acetatifactor sp900554205, 95.0, 76.32, 0.09; GCA_002314715.1, s__Acetatifactor sp002314715, 95.0, 75.87, 0.04	93.49	11	0.93210419986551	N/A
MAG01	d__Bacteria;p__Firmicutes_A;c__Clostridia;o__Lachnospirales;f__Lachnospiraceae;g__Acetatifactor;s__	N/A	N/A	N/A	N/A	N/A	GCA_002490995.1	95.0	d__Bacteria;p__Firmicutes_A;c__Clostridia;o__Lachnospirales;f__Lachnospiraceae;g__Acetatifactor;s__Acetatifactor sp002490995	80.9	0.41	d__Bacteria;p__Firmicutes_A;c__Clostridia;o__Lachnospirales;f__Lachnospiraceae;g__Acetatifactor;s__	taxonomic classification defined by topology and ANI	N/A	GCF_900248245.1, s__Acetatifactor muris, 95.0, 79.18, 0.25; GCF_003612485.1, s__Acetatifactor sp003612485, 95.0, 78.64, 0.18; GCA_900320485.1, s__Acetatifactor sp900320485, 95.0, 76.76, 0.04; GCF_003584705.1, s__Acetatifactor sp900066565, 95.0, 76.55, 0.06; GCA_002431915.1, s__Acetatifactor sp002431915, 95.0, 76.52, 0.06; GCA_900554205.1, s__Acetatifactor sp900554205, 95.0, 76.5, 0.07; GCF_003481565.1, s__Acetatifactor sp900066365, 95.0, 76.45, 0.05; GCA_003447295.1, s__Acetatifactor sp003447295, 95.0, 76.24, 0.06; GCA_002368865.1, s__Acetatifactor sp002368865, 95.0, 76.15, 0.05; GCA_002314715.1, s__Acetatifactor sp002314715, 95.0, 75.49, 0.03	49.82	11	0.9844432135289549	N/A
MAG47	d__Bacteria;p__Firmicutes_A;c__Clostridia;o__Lachnospirales;f__Lachnospiraceae;g__Acetatifactor;s__	N/A	N/A	N/A	N/A	N/A	GCA_002490995.1	95.0	d__Bacteria;p__Firmicutes_A;c__Clostridia;o__Lachnospirales;f__Lachnospiraceae;g__Acetatifactor;s__Acetatifactor sp002490995	78.28	0.34	d__Bacteria;p__Firmicutes_A;c__Clostridia;o__Lachnospirales;f__Lachnospiraceae;g__Acetatifactor;s__	taxonomic classification defined by topology and ANI	N/A	GCF_900248245.1, s__Acetatifactor muris, 95.0, 78.57, 0.35; GCF_003612485.1, s__Acetatifactor sp003612485, 95.0, 78.16, 0.26; GCA_900554205.1, s__Acetatifactor sp900554205, 95.0, 76.49, 0.1; GCA_003447295.1, s__Acetatifactor sp003447295, 95.0, 76.34, 0.11; GCA_002368865.1, s__Acetatifactor sp002368865, 95.0, 76.26, 0.08; GCF_003584705.1, s__Acetatifactor sp900066565, 95.0, 76.24, 0.09; GCA_002431915.1, s__Acetatifactor sp002431915, 95.0, 76.18, 0.09; GCF_003481565.1, s__Acetatifactor sp900066365, 95.0, 76.15, 0.08; GCA_900320485.1, s__Acetatifactor sp900320485, 95.0, 75.76, 0.05; GCA_002314715.1, s__Acetatifactor sp002314715, 95.0, 75.14, 0.04	74.9	11	0.9663817546316841	N/A
MAG52	d__Bacteria;p__Firmicutes_A;c__Clostridia;o__Lachnospirales;f__Lachnospiraceae;g__Acetatifactor;s__	N/A	N/A	N/A	N/A	N/A	N/A	N/A	N/A	N/A	N/A	d__Bacteria;p__Firmicutes_A;c__Clostridia;o__Lachnospirales;f__Lachnospiraceae;g__Acetatifactor;s__	ANI	N/A	GCF_003612485.1, s__Acetatifactor sp003612485, 95.0, 78.69, 0.26; GCF_900248245.1, s__Acetatifactor muris, 95.0, 78.41, 0.21; GCA_002490995.1, s__Acetatifactor sp002490995, 95.0, 77.98, 0.25; GCF_003584705.1, s__Acetatifactor sp900066565, 95.0, 77.39, 0.07; GCF_003481565.1, s__Acetatifactor sp900066365, 95.0, 77.25, 0.06; GCA_003447295.1, s__Acetatifactor sp003447295, 95.0, 76.81, 0.07; GCA_900320485.1, s__Acetatifactor sp900320485, 95.0, 76.72, 0.05; GCA_002431915.1, s__Acetatifactor sp002431915, 95.0, 76.65, 0.07; GCA_002368865.1, s__Acetatifactor sp002368865, 95.0, 76.52, 0.05; GCA_900554205.1, s__Acetatifactor sp900554205, 95.0, 76.43, 0.08; GCA_002314715.1, s__Acetatifactor sp002314715, 95.0, 75.8, 0.02	76.79	11	0.9551022080313367	N/A
MAG37	d__Bacteria;p__Firmicutes_A;c__Clostridia;o__Lachnospirales;f__Lachnospiraceae;g__Acetatifactor;s__	N/A	N/A	N/A	N/A	N/A	GCF_003612485.1	95.0	d__Bacteria;p__Firmicutes_A;c__Clostridia;o__Lachnospirales;f__Lachnospiraceae;g__Acetatifactor;s__Acetatifactor sp003612485	78.27	0.3	d__Bacteria;p__Firmicutes_A;c__Clostridia;o__Lachnospirales;f__Lachnospiraceae;g__Acetatifactor;s__	taxonomic classification defined by topology and ANI	N/A	GCF_900248245.1, s__Acetatifactor muris, 95.0, 77.57, 0.27; GCA_002490995.1, s__Acetatifactor sp002490995, 95.0, 77.32, 0.24; GCA_900554205.1, s__Acetatifactor sp900554205, 95.0, 76.6, 0.1; GCA_900320485.1, s__Acetatifactor sp900320485, 95.0, 76.37, 0.06; GCF_003481565.1, s__Acetatifactor sp900066365, 95.0, 76.33, 0.09; GCA_002368865.1, s__Acetatifactor sp002368865, 95.0, 76.21, 0.07; GCF_003584705.1, s__Acetatifactor sp900066565, 95.0, 76.17, 0.1; GCA_002431915.1, s__Acetatifactor sp002431915, 95.0, 76.01, 0.1; GCA_003447295.1, s__Acetatifactor sp003447295, 95.0, 76.0, 0.07; GCA_002314715.1, s__Acetatifactor sp002314715, 95.0, 75.68, 0.03	87.24	11	0.9556986327229299	N/A
MAG17	d__Bacteria;p__Firmicutes_A;c__Clostridia;o__Lachnospirales;f__Lachnospiraceae;g__Acetatifactor;s__	N/A	N/A	N/A	N/A	N/A	N/A	N/A	N/A	N/A	N/A	d__Bacteria;p__Firmicutes_A;c__Clostridia;o__Lachnospirales;f__Lachnospiraceae;g__Acetatifactor;s__	ANI	N/A	GCF_003612485.1, s__Acetatifactor sp003612485, 95.0, 77.66, 0.23; GCF_900248245.1, s__Acetatifactor muris, 95.0, 77.46, 0.22; GCA_900554205.1, s__Acetatifactor sp900554205, 95.0, 77.08, 0.16; GCA_003447295.1, s__Acetatifactor sp003447295, 95.0, 76.87, 0.11; GCA_002490995.1, s__Acetatifactor sp002490995, 95.0, 76.8, 0.19; GCF_003584705.1, s__Acetatifactor sp900066565, 95.0, 76.77, 0.11; GCF_003481565.1, s__Acetatifactor sp900066365, 95.0, 76.6, 0.1; GCA_900320485.1, s__Acetatifactor sp900320485, 95.0, 76.59, 0.07; GCA_002431915.1, s__Acetatifactor sp002431915, 95.0, 76.56, 0.1; GCA_002368865.1, s__Acetatifactor sp002368865, 95.0, 76.27, 0.09; GCA_002314715.1, s__Acetatifactor sp002314715, 95.0, 75.95, 0.05	91.59	11	0.9338783130217028	N/A
MAG22	d__Bacteria;p__Firmicutes_A;c__Clostridia_A;o__Christensenellales;f__UBA3700;g__;s__	N/A	N/A	N/A	N/A	N/A	GCA_002372775.1	95.0	d__Bacteria;p__Firmicutes_A;c__Clostridia_A;o__Christensenellales;f__UBA3700;g__UBA3700;s__UBA3700 sp002372775	75.11	0.02	d__Bacteria;p__Firmicutes_A;c__Clostridia_A;o__Christensenellales;f__;g__;s__	taxonomic classification defined by topology and ANI	N/A	N/A	87.96	11	0.8239677700384294	N/A
MAG27	d__Bacteria;p__Firmicutes_A;c__Clostridia_A;o__Christensenellales;f__UBA3700;g__;s__	N/A	N/A	N/A	N/A	N/A	GCA_002372775.1	95.0	d__Bacteria;p__Firmicutes_A;c__Clostridia_A;o__Christensenellales;f__UBA3700;g__UBA3700;s__UBA3700 sp002372775	75.02	0.02	d__Bacteria;p__Firmicutes_A;c__Clostridia_A;o__Christensenellales;f__;g__;s__	taxonomic classification defined by topology and ANI	N/A	N/A	88.04	11	0.8226523135918099	N/A
MAG29	d__Bacteria;p__Cyanobacteria;c__Vampirovibrionia;o__Gastranaerophilales;f__Gastranaerophilaceae;g__Zag111;s__	N/A	N/A	N/A	N/A	N/A	GCA_001899395.1	95.0	d__Bacteria;p__Cyanobacteria;c__Vampirovibrionia;o__Gastranaerophilales;f__Gastranaerophilaceae;g__Zag111;s__Zag111 sp001899395	79.49	0.54	d__Bacteria;p__Cyanobacteria;c__Vampirovibrionia;o__Gastranaerophilales;f__Gastranaerophilaceae;g__Zag111;s__	taxonomic classification defined by topology and ANI	N/A	GCA_900551965.1, s__Zag111 sp900551965, 95.0, 80.83, 0.61; GCA_002405805.1, s__Zag111 sp002405805, 95.0, 80.12, 0.54; GCA_003258735.1, s__Zag111 sp003258735, 95.0, 79.77, 0.59; GCA_002103105.1, s__Zag111 sp002103105, 95.0, 79.7, 0.48; GCA_900555325.1, s__Zag111 sp900555325, 95.0, 79.67, 0.45; GCA_002102825.1, s__Zag111 sp002102825, 95.0, 79.17, 0.5; GCA_002438405.1, s__Zag111 sp002438405, 95.0, 79.04, 0.54; GCA_004558955.1, s__Zag111 sp004558955, 95.0, 78.89, 0.44	76.31	11	0.9706716891501616	N/A
MAG26	d__Bacteria;p__Proteobacteria;c__Alphaproteobacteria;o__Rs-D84;f__Rs-D84;g__Rs-D84;s__	N/A	N/A	N/A	N/A	N/A	GCA_900546185.1	95.0	d__Bacteria;p__Proteobacteria;c__Alphaproteobacteria;o__Rs-D84;f__Rs-D84;g__Rs-D84;s__Rs-D84 sp900546185	78.4	0.38	d__Bacteria;p__Proteobacteria;c__Alphaproteobacteria;o__Rs-D84;f__Rs-D84;g__Rs-D84;s__	taxonomic classification defined by topology and ANI	N/A	GCA_002437665.1, s__Rs-D84 sp002437665, 95.0, 78.63, 0.43; GCA_900546225.1, s__Rs-D84 sp900546225, 95.0, 78.3, 0.4; GCA_900550565.1, s__Rs-D84 sp900550565, 95.0, 78.21, 0.41; GCA_900549365.1, s__Rs-D84 sp900549365, 95.0, 78.04, 0.32; GCA_900550495.1, s__Rs-D84 sp900550495, 95.0, 77.95, 0.35; GCA_900320405.1, s__Rs-D84 sp900320405, 95.0, 77.64, 0.24; GCA_900313105.1, s__Rs-D84 sp900313105, 95.0, 77.59, 0.19; GCA_002348925.1, s__Rs-D84 sp002348925, 95.0, 76.96, 0.12; GCA_002371155.1, s__Rs-D84 sp002371155, 95.0, 76.95, 0.21; GCA_002373935.1, s__Rs-D84 sp002373935, 95.0, 76.84, 0.27; GCA_900313285.1, s__Rs-D84 sp900313285, 95.0, 76.67, 0.1; GCA_002310415.1, s__Rs-D84 sp002310415, 95.0, 76.42, 0.07; GCA_900321105.1, s__Rs-D84 sp900321105, 95.0, 76.42, 0.14; GCA_002309215.1, s__Rs-D84 sp002309215, 95.0, 76.38, 0.07	78.23	11	0.9680810769924332	N/A
MAG54	d__Bacteria;p__Desulfobacterota;c__Desulfovibrionia;o__Desulfovibrionales;f__Desulfovibrionaceae;g__Mailhella;s__	N/A	N/A	N/A	N/A	N/A	GCA_003512875.1	95.0	d__Bacteria;p__Desulfobacterota;c__Desulfovibrionia;o__Desulfovibrionales;f__Desulfovibrionaceae;g__Mailhella;s__Mailhella sp003512875	78.66	0.46	d__Bacteria;p__Desulfobacterota;c__Desulfovibrionia;o__Desulfovibrionales;f__Desulfovibrionaceae;g__Mailhella;s__	taxonomic classification defined by topology and ANI	N/A	GCA_900541395.1, s__Mailhella sp900541395, 95.0, 76.96, 0.01; GCA_003150275.1, s__Mailhella sp003150275, 95.0, 76.64, 0.03; GCF_900155525.1, s__Mailhella massiliensis, 95.0, 76.25, 0.01; GCA_900553065.1, s__Mailhella sp900553065, 95.0, 75.99, 0.01	92.5	11	0.9826366731398741	N/A
MAG57	d__Bacteria;p__Bacteroidota;c__Bacteroidia;o__Bacteroidales;f__Muribaculaceae;g__CAG-873;s__	N/A	N/A	N/A	N/A	N/A	GCA_001689415.1	95.0	d__Bacteria;p__Bacteroidota;c__Bacteroidia;o__Bacteroidales;f__Muribaculaceae;g__CAG-873;s__CAG-873 sp001689415	79.81	0.37	d__Bacteria;p__Bacteroidota;c__Bacteroidia;o__Bacteroidales;f__Muribaculaceae;g__CAG-873;s__	taxonomic classification defined by topology and ANI	N/A	GCA_002491245.1, s__CAG-873 sp002491245, 95.0, 78.73, 0.31; GCA_900548975.1, s__CAG-873 sp900548975, 95.0, 78.07, 0.22; GCA_002493945.1, s__CAG-873 sp002493945, 95.0, 78.01, 0.24; GCA_900555715.1, s__CAG-873 sp900555715, 95.0, 77.93, 0.17; GCA_003979155.1, s__CAG-873 sp003979155, 95.0, 77.88, 0.19; GCA_900541865.1, s__CAG-873 sp900541865, 95.0, 77.66, 0.2; GCA_004552485.1, s__CAG-873 sp004552485, 95.0, 77.64, 0.14; GCA_900554265.1, s__CAG-873 sp900554265, 95.0, 77.4, 0.19; GCA_004553485.1, s__CAG-873 sp004553485, 95.0, 77.36, 0.19; GCA_900550395.1, s__CAG-873 sp900550395, 95.0, 77.32, 0.15; GCA_004552725.1, s__CAG-873 sp004552725, 95.0, 77.31, 0.11; GCA_002490635.1, s__CAG-873 sp002490635, 95.0, 77.15, 0.18; GCA_001689665.1, s__CAG-873 sp001689665, 95.0, 77.07, 0.12; GCA_002633115.1, s__CAG-873 sp002633115, 95.0, 76.96, 0.1; GCA_900554715.1, s__CAG-873 sp900554715, 95.0, 76.92, 0.17; GCA_004554255.1, s__CAG-873 sp004554255, 95.0, 76.83, 0.11; GCA_900540625.1, s__CAG-873 sp900540625, 95.0, 76.61, 0.08; GCA_002478045.1, s__CAG-873 sp002478045, 95.0, 76.55, 0.09; GCA_001701165.1, s__CAG-873 sp001701165, 95.0, 76.34, 0.07	91.19	11	0.989976113832853	N/A
MAG25	d__Bacteria;p__Bacteroidota;c__Bacteroidia;o__Bacteroidales;f__Muribaculaceae;g__Paramuribaculum;s__	N/A	N/A	N/A	N/A	N/A	GCA_900551515.1	95.0	d__Bacteria;p__Bacteroidota;c__Bacteroidia;o__Bacteroidales;f__Muribaculaceae;g__Paramuribaculum;s__Paramuribaculum sp900551515	78.1	0.34	d__Bacteria;p__Bacteroidota;c__Bacteroidia;o__Bacteroidales;f__Muribaculaceae;g__Paramuribaculum;s__	taxonomic classification defined by topology and ANI	N/A	GCA_900546365.1, s__Paramuribaculum sp900546365, 95.0, 77.72, 0.19; GCA_900553585.1, s__Paramuribaculum sp900553585, 95.0, 77.68, 0.13; GCA_001689535.1, s__Paramuribaculum sp001689535, 95.0, 77.48, 0.15; GCA_000431155.1, s__Paramuribaculum sp000431155, 95.0, 77.43, 0.11; GCF_003024925.1, s__Paramuribaculum intestinale, 95.0, 77.2, 0.13; GCF_003762715.1, s__Paramuribaculum sp001689565, 95.0, 77.0, 0.1; GCA_001701115.1, s__Paramuribaculum sp001701115, 95.0, 76.66, 0.09	95.63	11	0.9704013742199917	N/A
MAG61	d__Bacteria;p__Bacteroidota;c__Bacteroidia;o__Bacteroidales;f__Muribaculaceae;g__Paramuribaculum;s__	N/A	N/A	N/A	N/A	N/A	GCA_900551515.1	95.0	d__Bacteria;p__Bacteroidota;c__Bacteroidia;o__Bacteroidales;f__Muribaculaceae;g__Paramuribaculum;s__Paramuribaculum sp900551515	77.29	0.19	d__Bacteria;p__Bacteroidota;c__Bacteroidia;o__Bacteroidales;f__Muribaculaceae;g__Paramuribaculum;s__	taxonomic classification defined by topology and ANI	N/A	GCA_001689535.1, s__Paramuribaculum sp001689535, 95.0, 77.61, 0.12; GCA_900546365.1, s__Paramuribaculum sp900546365, 95.0, 77.51, 0.17; GCA_000431155.1, s__Paramuribaculum sp000431155, 95.0, 77.27, 0.14; GCA_900553585.1, s__Paramuribaculum sp900553585, 95.0, 77.03, 0.08; GCF_003762715.1, s__Paramuribaculum sp001689565, 95.0, 76.81, 0.11; GCF_003024925.1, s__Paramuribaculum intestinale, 95.0, 76.79, 0.12; GCA_001701115.1, s__Paramuribaculum sp001701115, 95.0, 76.76, 0.08	73.95	11	0.961939770583321	N/A
MAG60	d__Bacteria;p__Bacteroidota;c__Bacteroidia;o__Bacteroidales;f__Muribaculaceae;g__Paramuribaculum;s__	N/A	N/A	N/A	N/A	N/A	N/A	N/A	N/A	N/A	N/A	d__Bacteria;p__Bacteroidota;c__Bacteroidia;o__Bacteroidales;f__Muribaculaceae;g__Paramuribaculum;s__	ANI	N/A	GCA_000431155.1, s__Paramuribaculum sp000431155, 95.0, 77.18, 0.12; GCA_900546365.1, s__Paramuribaculum sp900546365, 95.0, 77.16, 0.18; GCA_001689535.1, s__Paramuribaculum sp001689535, 95.0, 76.87, 0.16; GCA_001701115.1, s__Paramuribaculum sp001701115, 95.0, 76.85, 0.1; GCA_900551515.1, s__Paramuribaculum sp900551515, 95.0, 76.65, 0.15; GCF_003024925.1, s__Paramuribaculum intestinale, 95.0, 76.35, 0.13; GCF_003762715.1, s__Paramuribaculum sp001689565, 95.0, 76.35, 0.12; GCA_900553585.1, s__Paramuribaculum sp900553585, 95.0, 76.28, 0.09	52.68	11	0.9532675906606217	N/A
MAG09	d__Bacteria;p__Bacteroidota;c__Bacteroidia;o__Bacteroidales;f__Muribaculaceae;g__CAG-485;s__	N/A	N/A	N/A	N/A	N/A	GCA_001701295.1	95.0	d__Bacteria;p__Bacteroidota;c__Bacteroidia;o__Bacteroidales;f__Muribaculaceae;g__CAG-485;s__CAG-485 sp001701295	78.87	0.27	d__Bacteria;p__Bacteroidota;c__Bacteroidia;o__Bacteroidales;f__Muribaculaceae;g__CAG-485;s__	taxonomic classification defined by topology and ANI	N/A	GCA_900542185.1, s__CAG-485 sp900542185, 95.0, 78.01, 0.19; GCA_002361155.1, s__CAG-485 sp002361155, 95.0, 77.97, 0.24; GCA_004553095.1, s__CAG-485 sp004553095, 95.0, 77.9, 0.23; GCA_002361235.1, s__CAG-485 sp002361235, 95.0, 77.88, 0.21; GCA_002493515.1, s__CAG-485 sp002493515, 95.0, 77.67, 0.15; GCF_003762615.1, s__CAG-485 sp002493045, 95.0, 77.58, 0.12; GCA_002491165.1, s__CAG-485 sp002491165, 95.0, 77.49, 0.15; GCA_004552395.1, s__CAG-485 sp004552395, 95.0, 77.45, 0.16; GCA_900549375.1, s__CAG-485 sp900549375, 95.0, 77.45, 0.18; GCF_003833075.1, s__CAG-485 sp002362485, 95.0, 77.44, 0.12; GCA_900321585.1, s__CAG-485 sp900321585, 95.0, 77.44, 0.28; GCA_900554345.1, s__CAG-485 sp900554345, 95.0, 77.39, 0.2; GCA_900541835.1, s__CAG-485 sp900541835, 95.0, 77.27, 0.15; GCA_900556595.1, s__CAG-485 sp900556595, 95.0, 77.23, 0.32; GCA_900552315.1, s__CAG-485 sp900552315, 95.0, 76.99, 0.13; GCA_002404675.1, s__CAG-485 sp002404675, 95.0, 76.98, 0.15; GCA_900554845.1, s__CAG-485 sp900554845, 95.0, 76.97, 0.11; GCA_002491945.1, s__CAG-485 sp002491945, 95.0, 76.97, 0.14; GCA_900547755.1, s__CAG-485 sp900547755, 95.0, 76.93, 0.12; GCA_002361215.1, s__CAG-485 sp002361215, 95.0, 76.92, 0.13; GCA_900550645.1, s__CAG-485 sp900550645, 95.0, 76.82, 0.13; GCA_000437495.1, s__CAG-485 sp000437495, 95.0, 76.8, 0.1; GCA_900555915.1, s__CAG-485 sp900555915, 95.0, 76.71, 0.13; GCA_001701105.1, s__CAG-485 sp001701105, 95.0, 76.65, 0.1; GCA_003979075.1, s__CAG-485 sp003979075, 95.0, 76.45, 0.06; GCA_001701075.1, s__CAG-485 sp001701075, 95.0, 76.12, 0.05	95.54	11	0.9873007470874561	N/A
MAG14	d__Bacteria;p__Bacteroidota;c__Bacteroidia;o__Bacteroidales;f__Muribaculaceae;g__CAG-485;s__	N/A	N/A	N/A	N/A	N/A	GCF_003833075.1	95.0	d__Bacteria;p__Bacteroidota;c__Bacteroidia;o__Bacteroidales;f__Muribaculaceae;g__CAG-485;s__CAG-485 sp002362485	78.11	0.25	d__Bacteria;p__Bacteroidota;c__Bacteroidia;o__Bacteroidales;f__Muribaculaceae;g__CAG-485;s__	taxonomic classification defined by topology and ANI	N/A	GCA_900549375.1, s__CAG-485 sp900549375, 95.0, 77.36, 0.16; GCA_002491165.1, s__CAG-485 sp002491165, 95.0, 76.95, 0.03; GCA_002361155.1, s__CAG-485 sp002361155, 95.0, 76.86, 0.09; GCF_003762615.1, s__CAG-485 sp002493045, 95.0, 76.78, 0.08; GCA_900542185.1, s__CAG-485 sp900542185, 95.0, 76.43, 0.06; GCA_001701295.1, s__CAG-485 sp001701295, 95.0, 76.41, 0.08; GCA_900321585.1, s__CAG-485 sp900321585, 95.0, 76.41, 0.08; GCA_900554345.1, s__CAG-485 sp900554345, 95.0, 76.4, 0.05; GCA_004553095.1, s__CAG-485 sp004553095, 95.0, 76.39, 0.05; GCA_002361235.1, s__CAG-485 sp002361235, 95.0, 76.38, 0.06; GCA_900541835.1, s__CAG-485 sp900541835, 95.0, 76.35, 0.02; GCA_002361215.1, s__CAG-485 sp002361215, 95.0, 76.22, 0.05; GCA_002493515.1, s__CAG-485 sp002493515, 95.0, 76.22, 0.05; GCA_900555915.1, s__CAG-485 sp900555915, 95.0, 76.16, 0.05; GCA_002491945.1, s__CAG-485 sp002491945, 95.0, 76.13, 0.05; GCA_004552395.1, s__CAG-485 sp004552395, 95.0, 76.04, 0.05; GCA_900556595.1, s__CAG-485 sp900556595, 95.0, 76.03, 0.11; GCA_900554845.1, s__CAG-485 sp900554845, 95.0, 76.02, 0.04; GCA_900552315.1, s__CAG-485 sp900552315, 95.0, 76.02, 0.03; GCA_900550645.1, s__CAG-485 sp900550645, 95.0, 75.97, 0.03; GCA_001701105.1, s__CAG-485 sp001701105, 95.0, 75.96, 0.08; GCA_002404675.1, s__CAG-485 sp002404675, 95.0, 75.86, 0.04; GCA_000437495.1, s__CAG-485 sp000437495, 95.0, 75.77, 0.03; GCA_900547755.1, s__CAG-485 sp900547755, 95.0, 75.68, 0.02; GCA_001701075.1, s__CAG-485 sp001701075, 95.0, 75.53, 0.05; GCA_003979075.1, s__CAG-485 sp003979075, 95.0, 75.49, 0.04	66.81	11	0.9842962691307934	N/A
MAG34	d__Bacteria;p__Bacteroidota;c__Bacteroidia;o__Bacteroidales;f__Muribaculaceae;g__CAG-485;s__	N/A	N/A	N/A	N/A	N/A	GCA_002491945.1	95.0	d__Bacteria;p__Bacteroidota;c__Bacteroidia;o__Bacteroidales;f__Muribaculaceae;g__CAG-485;s__CAG-485 sp002491945	78.99	0.36	d__Bacteria;p__Bacteroidota;c__Bacteroidia;o__Bacteroidales;f__Muribaculaceae;g__CAG-485;s__	taxonomic classification defined by topology and ANI	N/A	GCA_900554345.1, s__CAG-485 sp900554345, 95.0, 77.7, 0.21; GCA_002493515.1, s__CAG-485 sp002493515, 95.0, 77.43, 0.16; GCA_900549375.1, s__CAG-485 sp900549375, 95.0, 77.32, 0.12; GCF_003762615.1, s__CAG-485 sp002493045, 95.0, 77.29, 0.13; GCA_002361155.1, s__CAG-485 sp002361155, 95.0, 77.26, 0.14; GCA_900541835.1, s__CAG-485 sp900541835, 95.0, 77.18, 0.14; GCA_900556595.1, s__CAG-485 sp900556595, 95.0, 77.04, 0.18; GCA_004552395.1, s__CAG-485 sp004552395, 95.0, 77.04, 0.16; GCA_900555915.1, s__CAG-485 sp900555915, 95.0, 77.01, 0.12; GCA_002361235.1, s__CAG-485 sp002361235, 95.0, 76.95, 0.13; GCA_900542185.1, s__CAG-485 sp900542185, 95.0, 76.88, 0.14; GCF_003833075.1, s__CAG-485 sp002362485, 95.0, 76.87, 0.09; GCA_900547755.1, s__CAG-485 sp900547755, 95.0, 76.86, 0.11; GCA_002361215.1, s__CAG-485 sp002361215, 95.0, 76.82, 0.12; GCA_000437495.1, s__CAG-485 sp000437495, 95.0, 76.78, 0.1; GCA_002491165.1, s__CAG-485 sp002491165, 95.0, 76.78, 0.12; GCA_900550645.1, s__CAG-485 sp900550645, 95.0, 76.74, 0.1; GCA_002404675.1, s__CAG-485 sp002404675, 95.0, 76.7, 0.09; GCA_001701295.1, s__CAG-485 sp001701295, 95.0, 76.66, 0.07; GCA_900321585.1, s__CAG-485 sp900321585, 95.0, 76.65, 0.15; GCA_004553095.1, s__CAG-485 sp004553095, 95.0, 76.53, 0.14; GCA_900552315.1, s__CAG-485 sp900552315, 95.0, 76.43, 0.13; GCA_001701105.1, s__CAG-485 sp001701105, 95.0, 76.39, 0.06; GCA_900554845.1, s__CAG-485 sp900554845, 95.0, 76.04, 0.05; GCA_003979075.1, s__CAG-485 sp003979075, 95.0, 75.9, 0.06; GCA_001701075.1, s__CAG-485 sp001701075, 95.0, 75.84, 0.06	90.97	11	0.9805258336916823	N/A
MAG62	d__Bacteria;p__Bacteroidota;c__Bacteroidia;o__Bacteroidales;f__Marinifilaceae;g__Odoribacter;s__	N/A	N/A	N/A	N/A	N/A	GCA_900548135.1	95.0	d__Bacteria;p__Bacteroidota;c__Bacteroidia;o__Bacteroidales;f__Marinifilaceae;g__Odoribacter;s__Odoribacter sp900548135	78.04	0.3	d__Bacteria;p__Bacteroidota;c__Bacteroidia;o__Bacteroidales;f__Marinifilaceae;g__Odoribacter;s__	taxonomic classification defined by topology and ANI	N/A	GCF_000190535.1, s__Odoribacter splanchnicus, 95.0, 78.53, 0.28; GCA_900541415.1, s__Odoribacter sp900541415, 95.0, 77.43, 0.18; GCF_900091655.1, s__Odoribacter massiliensis, 95.0, 77.24, 0.16; GCF_000243215.1, s__Odoribacter laneus, 95.0, 77.1, 0.13; GCA_900544025.1, s__Odoribacter sp900544025, 95.0, 77.1, 0.16; GCA_002293375.1, s__Odoribacter sp002293375, 95.0, 76.34, 0.04	93.93	11	0.9804139462721012	N/A
