fasta	Name	tRNA #	Begin	End	Type	Codon	Score	Note
MAG14	MAG14_MAG14_1 	1	66508	66425	Leu	CAA	63.2	
MAG14	MAG14_MAG14_8 	1	22542	22468	Thr	CGT	68.7	
MAG14	MAG14_MAG14_11	1	1279	1207	Phe	GAA	73.3	
MAG14	MAG14_MAG14_13	1	45326	45398	Met	CAT	74.0	
MAG14	MAG14_MAG14_13	2	47031	47112	Leu	TAG	59.9	
MAG14	MAG14_MAG14_14	1	16718	16794	Pro	TGG	67.6	
MAG14	MAG14_MAG14_14	2	16836	16911	Ala	GGC	74.0	
MAG14	MAG14_MAG14_15	1	2654	2570	Ser	TGA	69.8	
MAG14	MAG14_MAG14_17	1	47938	47864	Gly	TCC	77.8	
MAG14	MAG14_MAG14_17	2	47857	47786	Thr	GGT	70.9	
MAG14	MAG14_MAG14_17	3	46507	46437	Trp	CCA	51.1	
MAG14	MAG14_MAG14_17	4	29572	29485	Ser	GGA	67.6	
MAG14	MAG14_MAG14_18	1	270	195	Thr	TGT	69.0	
MAG14	MAG14_MAG14_18	2	69	1	Tyr	GTA	34.1	pseudo
MAG14	MAG14_MAG14_22	1	1	54	Ala	TGC	25.4	
MAG14	MAG14_MAG14_24	1	11815	11886	Arg	CCT	54.3	
MAG14	MAG14_MAG14_24	2	1099	1028	Glu	TTC	45.5	
MAG14	MAG14_MAG14_24	3	340	268	Pro	CGG	72.7	
MAG14	MAG14_MAG14_32	1	20146	20216	Gln	TTG	57.0	
MAG14	MAG14_MAG14_33	1	2503	2602	Undet	NNN	30.7	pseudo
MAG14	MAG14_MAG14_36	1	20680	20761	Leu	CAG	55.4	
MAG14	MAG14_MAG14_36	2	26456	26528	Lys	TTT	71.9	
MAG14	MAG14_MAG14_36	3	26547	26619	Lys	CTT	75.4	
MAG14	MAG14_MAG14_37	1	3	63	Ser	CGA	38.2	pseudo
MAG14	MAG14_MAG14_37	2	28016	28089	Asp	GTC	83.0	
MAG14	MAG14_MAG14_39	1	14251	14333	Leu	GAG	57.2	
MAG14	MAG14_MAG14_50	1	16949	17023	Met	CAT	62.0	
MAG14	MAG14_MAG14_50	2	3780	3705	Gly	GCC	78.2	
MAG14	MAG14_MAG14_56	1	5092	5177	Leu	TAA	69.0	
MAG14	MAG14_MAG14_59	1	11691	11779	Ser	GCT	64.3	
MAG14	MAG14_MAG14_61	1	12171	12247	Arg	TCT	80.2	
MAG14	MAG14_MAG14_63	1	2229	2159	Cys	GCA	59.0	
MAG14	MAG14_MAG14_65	1	8536	8463	Arg	ACG	47.4	
MAG14	MAG14_MAG14_65	2	8458	8386	Phe	GAA	53.6	
MAG14	MAG14_MAG14_65	3	8378	8305	His	GTG	65.8	
MAG14	MAG14_MAG14_65	4	8295	8208	Ser	GCT	61.2	
MAG14	MAG14_MAG14_65	5	8201	8127	Cys	GCA	59.3	
MAG14	MAG14_MAG14_65	6	8121	8050	Asn	GTT	73.5	
MAG14	MAG14_MAG14_66	1	9521	9448	Arg	ACG	64.0	
MAG14	MAG14_MAG14_66	2	3493	3422	Glu	CTC	50.5	
MAG14	MAG14_MAG14_66	3	75	2	Ala	TGC	74.0	
MAG14	MAG14_MAG14_84	1	6412	6482	Gln	CTG	52.6	
MAG14	MAG14_MAG14_84	2	6539	6612	Met	CAT	72.8	
MAG14	MAG14_MAG14_100	1	1534	1605	Arg	CCG	48.7	
MAG12	MAG12_MAG12_34 	1	6285	6231	Undet	NNN	21.0	pseudo
MAG12	MAG12_MAG12_34 	2	6219	6146	Cys	GCA	65.8	
MAG12	MAG12_MAG12_34 	3	6138	6054	Leu	TAA	54.4	
MAG12	MAG12_MAG12_194	1	2126	2053	Arg	ACG	74.0	
MAG24	MAG24_MAG24_2 	1	2331	2258	Met	CAT	79.6	
MAG24	MAG24_MAG24_3 	1	10012	9939	His	GTG	70.5	
MAG24	MAG24_MAG24_6 	1	21365	21293	Pro	CGG	77.1	
MAG24	MAG24_MAG24_11	1	5097	5025	Gly	GCC	78.8	
MAG24	MAG24_MAG24_11	2	5009	4925	Leu	TAA	67.6	
MAG24	MAG24_MAG24_12	1	25510	25437	Asn	GTT	77.5	
MAG24	MAG24_MAG24_12	2	2689	2608	Leu	CAA	62.6	
MAG24	MAG24_MAG24_13	1	10586	10514	Phe	GAA	76.6	
MAG24	MAG24_MAG24_17	1	994	1064	Cys	GCA	49.4	
MAG24	MAG24_MAG24_17	2	97	23	Val	TAC	75.5	
MAG24	MAG24_MAG24_22	1	8337	8263	Thr	CGT	80.7	
MAG24	MAG24_MAG24_23	1	19488	19559	Arg	CCT	55.7	
MAG24	MAG24_MAG24_27	1	3947	3866	Tyr	GTA	62.4	
MAG24	MAG24_MAG24_27	2	3858	3786	Gly	TCC	69.0	
MAG24	MAG24_MAG24_28	1	10270	10342	Arg	ACG	65.0	
MAG24	MAG24_MAG24_35	1	953	881	Lys	TTT	75.0	
MAG24	MAG24_MAG24_39	1	18424	18320	Lys	CTT	57.5	
MAG24	MAG24_MAG24_43	1	11615	11544	Arg	CCG	57.5	
MAG24	MAG24_MAG24_46	1	11015	11086	Glu	TTC	55.7	
MAG24	MAG24_MAG24_46	2	11107	11178	Glu	TTC	55.7	
MAG24	MAG24_MAG24_49	1	12246	12319	Ala	GGC	66.9	
MAG24	MAG24_MAG24_62	1	3425	3353	Trp	CCA	71.6	
MAG24	MAG24_MAG24_72	1	198	272	Met	CAT	63.7	
MAG24	MAG24_MAG24_75	1	213	294	Leu	TAG	66.1	
MAG24	MAG24_MAG24_76	1	487	417	Gln	CTG	49.3	
MAG24	MAG24_MAG24_89	1	5513	5443	Gln	TTG	51.0	
MAG24	MAG24_MAG24_89	2	5434	5351	Leu	CAG	63.0	
MAG24	MAG24_MAG24_89	3	5316	5233	Leu	CAG	60.1	
MAG24	MAG24_MAG24_89	4	5222	5139	Leu	GAG	56.2	
MAG24	MAG24_MAG24_97	1	5781	5854	Arg	TCT	79.6	
MAG24	MAG24_MAG24_104	1	5630	5716	Ser	GCT	71.4	
MAG25	MAG25_MAG25_29 	1	15781	15868	Ser	GCT	59.6	
MAG25	MAG25_MAG25_46 	1	7707	7625	Leu	CAA	68.5	
MAG25	MAG25_MAG25_68 	1	5624	5554	Trp	CCA	57.8	
MAG25	MAG25_MAG25_85 	1	7945	7862	Leu	AAG	61.8	
MAG25	MAG25_MAG25_114	1	2822	2896	Thr	GGT	70.7	
MAG25	MAG25_MAG25_124	1	3117	3045	Ala	GGC	75.7	
MAG25	MAG25_MAG25_171	1	7062	6979	Leu	CAG	60.4	
MAG25	MAG25_MAG25_228	1	5734	5680	Pro	TGG	30.8	
MAG25	MAG25_MAG25_229	1	569	497	Thr	CGT	77.7	
MAG25	MAG25_MAG25_253	1	4968	4895	Met	CAT	69.0	
MAG25	MAG25_MAG25_253	2	4877	4805	Phe	GAA	78.6	
MAG25	MAG25_MAG25_303	1	869	941	Lys	CTT	82.6	
MAG25	MAG25_MAG25_307	1	74	159	Leu	TAA	62.4	
MAG25	MAG25_MAG25_378	1	83	155	Lys	TTT	73.2	
MAG25	MAG25_MAG25_378	2	2806	2885	Leu	TAG	56.8	
MAG25	MAG25_MAG25_391	1	2257	2329	Ala	CGC	73.3	
MAG29	MAG29_MAG29_1 	1	19025	19101	Arg	ACG	73.9	
MAG29	MAG29_MAG29_1 	2	65736	65818	Leu	CAA	63.0	
MAG29	MAG29_MAG29_1 	3	228582	228666	Leu	TAG	67.5	
MAG29	MAG29_MAG29_1 	4	347343	347419	Pro	GGG	74.0	
MAG29	MAG29_MAG29_1 	5	396769	396842	Gly	CCC	67.8	
MAG29	MAG29_MAG29_1 	6	396625	396552	Gly	TCC	65.7	
MAG29	MAG29_MAG29_1 	7	367140	367068	Phe	GAA	75.8	
MAG29	MAG29_MAG29_1 	8	367029	366956	Pro	TGG	77.8	
MAG29	MAG29_MAG29_1 	9	198271	198200	Arg	CCT	68.3	
MAG29	MAG29_MAG29_1 	10	23716	23634	Leu	TAA	66.3	
MAG29	MAG29_MAG29_1 	11	16302	16213	Ser	GCT	71.5	
MAG29	MAG29_MAG29_2 	1	15075	15149	Gly	GCC	76.1	
MAG29	MAG29_MAG29_2 	2	241925	241853	Ala	GGC	67.1	
MAG29	MAG29_MAG29_2 	3	123036	122965	Val	CAC	67.1	
MAG29	MAG29_MAG29_3 	1	197356	197432	Arg	TCT	74.1	
MAG29	MAG29_MAG29_4 	1	105495	105570	Glu	TTC	58.2	
MAG29	MAG29_MAG29_4 	2	148127	148045	Leu	AAG	63.1	
MAG29	MAG29_MAG29_4 	3	132947	132873	Cys	GCA	69.7	
MAG29	MAG29_MAG29_4 	4	99452	99377	Glu	TTC	58.2	
MAG29	MAG29_MAG29_4 	5	50682	50608	Thr	TGT	74.8	
MAG29	MAG29_MAG29_4 	6	5885	5813	Ala	CGC	75.5	
MAG29	MAG29_MAG29_5 	1	118270	118356	Leu	CAG	68.3	
MAG29	MAG29_MAG29_5 	2	13096	13022	Thr	GGT	76.5	
MAG29	MAG29_MAG29_5 	3	11698	11626	Trp	CCA	66.5	
MAG29	MAG29_MAG29_6 	1	17306	17381	Lys	TTT	78.3	
MAG29	MAG29_MAG29_7 	1	70791	70865	Thr	CGT	73.2	
MAG29	MAG29_MAG29_7 	2	70909	70984	Lys	CTT	70.3	
MAG29	MAG29_MAG29_7 	3	71021	71096	Lys	CTT	70.3	
MAG29	MAG29_MAG29_7 	4	50849	50776	Pro	CGG	75.8	
MAG29	MAG29_MAG29_7 	5	9231	9163	Pro	CGG	25.3	
MAG29	MAG29_MAG29_9 	1	23831	23760	Val	TAC	76.6	
MAG29	MAG29_MAG29_10	1	54653	54582	Asn	GTT	74.8	
MAG29	MAG29_MAG29_10	2	35491	35409	Tyr	GTA	64.3	
MAG29	MAG29_MAG29_12	1	24961	25038	Asp	GTC	82.0	
MAG29	MAG29_MAG29_12	2	94336	94265	Gln	TTG	49.8	
MAG29	MAG29_MAG29_12	3	36307	36236	Gln	CTG	54.3	
MAG29	MAG29_MAG29_14	1	14914	15006	Ser	CGA	72.3	
MAG29	MAG29_MAG29_15	1	6437	6514	Asp	GTC	82.0	
MAG29	MAG29_MAG29_15	2	59462	59375	Ser	GGA	66.9	
MAG29	MAG29_MAG29_16	1	44595	44669	Met	CAT	68.5	
MAG29	MAG29_MAG29_16	2	1463	1389	Gly	GCC	76.1	
MAG29	MAG29_MAG29_17	1	14727	14803	Met	CAT	72.4	
MAG29	MAG29_MAG29_19	1	15682	15742	Undet	NNN	20.3	pseudo
MAG29	MAG29_MAG29_19	2	26918	26834	Ser	TGA	76.4	
MAG29	MAG29_MAG29_23	1	15950	16024	Arg	CCG	52.6	
MAG29	MAG29_MAG29_25	1	5430	5359	Val	GAC	67.8	
MAG29	MAG29_MAG29_35	1	3259	3185	His	GTG	62.8	
MAG29	MAG29_MAG29_35	2	826	754	Met	CAT	79.6	
MAG29	MAG29_MAG29_53	1	60	132	Val	TAC	77.4	
MAG29	MAG29_MAG29_53	2	135	207	Lys	TTT	74.4	
MAG29	MAG29_MAG29_53	3	228	312	Leu	TAG	60.8	
MAG29	MAG29_MAG29_53	4	314	386	Thr	TGT	79.1	
MAG29	MAG29_MAG29_53	5	405	478	Gly	GCC	80.7	
MAG29	MAG29_MAG29_53	6	489	574	Leu	TAA	67.2	
MAG29	MAG29_MAG29_53	7	584	657	Arg	ACG	69.8	
MAG29	MAG29_MAG29_53	8	663	736	Pro	TGG	81.5	
MAG29	MAG29_MAG29_53	9	767	840	Met	CAT	65.6	
MAG29	MAG29_MAG29_53	10	854	927	Met	CAT	80.6	
MAG29	MAG29_MAG29_53	11	959	1032	Met	CAT	72.0	
MAG29	MAG29_MAG29_53	12	1036	1108	Asp	GTC	61.0	
MAG29	MAG29_MAG29_53	13	1113	1185	Phe	GAA	69.6	
MAG29	MAG29_MAG29_53	14	1203	1273	Gly	TCC	65.0	
MAG29	MAG29_MAG29_53	15	1285	1358	Ile	GAT	83.3	
MAG29	MAG29_MAG29_53	16	1361	1450	Ser	GCT	56.2	
MAG09	MAG09_MAG09_2 	1	278248	278320	Arg	CCG	62.7	
MAG09	MAG09_MAG09_3 	1	222325	222400	His	GTG	68.2	
MAG09	MAG09_MAG09_3 	2	205018	204947	Cys	GCA	53.6	
MAG09	MAG09_MAG09_3 	3	11504	11339	Undet	NNN	23.4	pseudo
MAG09	MAG09_MAG09_4 	1	185222	185297	Thr	TGT	69.2	
MAG09	MAG09_MAG09_4 	2	59761	59689	Trp	CCA	72.1	
MAG09	MAG09_MAG09_5 	1	221430	221335	Gly	TCC	37.5	pseudo
MAG09	MAG09_MAG09_6 	1	11993	11921	Gly	GCC	76.2	
MAG09	MAG09_MAG09_6 	2	11906	11823	Leu	TAA	62.2	
MAG09	MAG09_MAG09_8 	1	153551	153470	Leu	TAG	64.5	
MAG09	MAG09_MAG09_8 	2	51607	51536	Glu	TTC	54.2	
MAG09	MAG09_MAG09_10	1	13891	13974	Leu	CAA	54.1	
MAG09	MAG09_MAG09_10	2	72212	72287	Thr	TGT	69.2	
MAG09	MAG09_MAG09_10	3	72330	72412	Tyr	GTA	66.0	
MAG09	MAG09_MAG09_10	4	72430	72503	Thr	GGT	80.0	
MAG09	MAG09_MAG09_10	5	73791	73863	Trp	CCA	72.9	
MAG09	MAG09_MAG09_12	1	10515	10444	Arg	CCT	58.1	
MAG09	MAG09_MAG09_14	1	716	642	Gly	GCC	77.5	
MAG09	MAG09_MAG09_14	2	616	535	Leu	CAG	53.6	
MAG09	MAG09_MAG09_14	3	493	410	Leu	GAG	47.8	
MAG09	MAG09_MAG09_14	4	393	319	Gly	GCC	77.5	
MAG09	MAG09_MAG09_14	5	293	212	Leu	CAG	53.6	
MAG09	MAG09_MAG09_14	6	180	106	Gly	GCC	77.5	
MAG09	MAG09_MAG09_15	1	20131	20203	Lys	CTT	74.6	
MAG09	MAG09_MAG09_16	1	98062	97946	Phe	GAA	44.5	
MAG09	MAG09_MAG09_17	1	102159	102232	Ala	GGC	60.5	
MAG09	MAG09_MAG09_19	1	89990	90062	Met	CAT	68.0	
MAG09	MAG09_MAG09_23	1	17609	17536	Asn	GTT	73.0	
MAG09	MAG09_MAG09_23	2	17511	17438	Asn	GTT	73.0	
MAG09	MAG09_MAG09_24	1	31321	31248	Pro	GGG	64.6	
MAG09	MAG09_MAG09_27	1	70313	70209	Met	CAT	34.4	pseudo
MAG09	MAG09_MAG09_28	1	69432	69502	Pro	TGG	59.1	
MAG09	MAG09_MAG09_29	1	34814	34730	Ser	TGA	67.4	
MAG09	MAG09_MAG09_33	1	18368	18281	Ser	GGA	71.6	
MAG09	MAG09_MAG09_33	2	6400	6316	Ser	TGA	65.7	
MAG09	MAG09_MAG09_36	1	21302	21388	Ser	GCT	67.3	
MAG09	MAG09_MAG09_36	2	21398	21469	Glu	CTC	51.6	
MAG09	MAG09_MAG09_36	3	21483	21555	Lys	CTT	74.6	
MAG09	MAG09_MAG09_37	1	9626	9553	Met	CAT	71.4	
MAG09	MAG09_MAG09_39	1	35646	35719	Arg	TCT	71.8	
MAG09	MAG09_MAG09_41	1	7290	7208	Tyr	GTA	64.3	
MAG09	MAG09_MAG09_41	2	7199	7127	Gly	TCC	67.0	
MAG09	MAG09_MAG09_45	1	4016	4088	Met	CAT	58.0	
MAG09	MAG09_MAG09_45	2	4154	4226	Phe	GAA	45.0	
MAG09	MAG09_MAG09_45	3	4306	4378	Asn	GTT	61.2	
MAG09	MAG09_MAG09_45	4	4386	4458	Trp	CCA	62.0	
MAG09	MAG09_MAG09_45	5	4464	4534	Gln	TTG	54.1	
MAG09	MAG09_MAG09_45	6	4540	4611	Glu	TTC	48.6	
MAG09	MAG09_MAG09_45	7	4685	4769	Ser	GCT	40.7	pseudo
MAG09	MAG09_MAG09_45	8	4776	4857	Tyr	GTA	56.8	
MAG09	MAG09_MAG09_47	1	1	50	Met	CAT	14.7	pseudo
MAG09	MAG09_MAG09_49	1	34705	34654	Pro	TGG	17.4	pseudo
MAG09	MAG09_MAG09_59	1	48	4	Undet	NNN	12.7	pseudo
MAG09	MAG09_MAG09_63	1	1	65	Undet	NNN	31.1	pseudo
MAG09	MAG09_MAG09_64	1	13905	13818	Ser	GGA	72.3	
MAG09	MAG09_MAG09_73	1	1	49	Undet	NNN	14.6	pseudo
MAG09	MAG09_MAG09_77	1	1	51	Asp	GTC	19.2	pseudo
MAG09	MAG09_MAG09_78	1	6301	6227	Thr	CGT	72.3	
MAG09	MAG09_MAG09_79	1	12601	12550	Pro	TGG	17.4	pseudo
MAG09	MAG09_MAG09_79	2	58	6	Undet	NNN	24.8	
MAG09	MAG09_MAG09_80	1	132	62	Gln	CTG	49.0	
MAG09	MAG09_MAG09_95	1	6664	6612	Val	TAC	27.7	
MAG07	MAG07_MAG07_1 	1	18275	18361	Ser	GCT	64.6	
MAG07	MAG07_MAG07_1 	2	18653	18725	Glu	CTC	52.4	
MAG07	MAG07_MAG07_1 	3	11868	11794	Cys	GCA	54.3	
MAG07	MAG07_MAG07_5 	1	18668	18743	Phe	GAA	74.6	
MAG07	MAG07_MAG07_5 	2	62744	62815	Glu	TTC	54.3	
MAG07	MAG07_MAG07_6 	1	7635	7722	Ser	GGA	76.0	
MAG07	MAG07_MAG07_7 	1	593	665	Phe	GAA	74.6	
MAG07	MAG07_MAG07_7 	2	466	394	Pro	CGG	70.4	
MAG07	MAG07_MAG07_9 	1	73918	73844	Gly	GCC	77.5	
MAG07	MAG07_MAG07_9 	2	73799	73719	Leu	CAG	52.8	
MAG07	MAG07_MAG07_9 	3	73691	73608	Leu	GAG	52.0	
MAG07	MAG07_MAG07_9 	4	73590	73516	Gly	GCC	77.5	
MAG07	MAG07_MAG07_9 	5	73509	73429	Leu	CAG	52.8	
MAG07	MAG07_MAG07_9 	6	73411	73339	Gly	GCC	76.2	
MAG07	MAG07_MAG07_12	1	5061	4988	Asp	GTC	76.2	
MAG07	MAG07_MAG07_12	2	4961	4888	Asp	GTC	76.2	
MAG07	MAG07_MAG07_13	1	50774	50700	Pro	TGG	76.4	
MAG07	MAG07_MAG07_14	1	33062	33144	Tyr	GTA	64.3	
MAG07	MAG07_MAG07_14	2	33154	33226	Gly	TCC	67.0	
MAG07	MAG07_MAG07_14	3	18574	18499	Thr	TGT	69.6	
MAG07	MAG07_MAG07_16	1	6924	6997	Thr	TGT	68.4	
MAG07	MAG07_MAG07_16	2	7042	7124	Tyr	GTA	66.0	
MAG07	MAG07_MAG07_16	3	7157	7229	Gly	TCC	67.0	
MAG07	MAG07_MAG07_16	4	7237	7308	Thr	GGT	77.3	
MAG07	MAG07_MAG07_16	5	8601	8673	Trp	CCA	72.9	
MAG07	MAG07_MAG07_17	1	57957	58028	Arg	CCT	50.5	
MAG07	MAG07_MAG07_26	1	11599	11669	Gln	TTG	53.6	
MAG07	MAG07_MAG07_28	1	45436	45510	Thr	CGT	82.0	
MAG07	MAG07_MAG07_29	1	16409	16339	Gln	CTG	49.4	
MAG07	MAG07_MAG07_32	1	15928	15856	Trp	CCA	72.9	
MAG07	MAG07_MAG07_36	1	10550	10478	Gly	GCC	76.2	
MAG07	MAG07_MAG07_36	2	10461	10377	Leu	TAA	63.4	
MAG07	MAG07_MAG07_37	1	8011	8095	Ser	TGA	65.7	
MAG07	MAG07_MAG07_40	1	18883	18956	Ala	GGC	67.5	
MAG07	MAG07_MAG07_40	2	921	849	Lys	CTT	76.9	
MAG07	MAG07_MAG07_40	3	824	752	Lys	CTT	76.9	
MAG07	MAG07_MAG07_46	1	19331	19404	Met	CAT	71.4	
MAG07	MAG07_MAG07_46	2	32118	32222	Met	CAT	34.5	pseudo
MAG07	MAG07_MAG07_49	1	16255	16328	Arg	ACG	59.7	
MAG07	MAG07_MAG07_49	2	16364	16437	Arg	ACG	53.7	
MAG07	MAG07_MAG07_50	1	30243	30316	Asp	GTC	69.8	
MAG07	MAG07_MAG07_56	1	23559	23486	Asn	GTT	73.0	
MAG07	MAG07_MAG07_56	2	23464	23391	Asn	GTT	73.0	
MAG07	MAG07_MAG07_60	1	21709	21790	Leu	TAG	67.9	
MAG07	MAG07_MAG07_62	1	11400	11472	Met	CAT	67.3	
MAG07	MAG07_MAG07_62	2	24013	23939	Val	TAC	81.8	
MAG07	MAG07_MAG07_62	3	23899	23825	Val	TAC	81.8	
MAG07	MAG07_MAG07_63	1	241	158	Leu	CAA	54.1	
MAG07	MAG07_MAG07_64	1	2763	2836	Thr	TGT	68.4	
MAG07	MAG07_MAG07_71	1	34	106	Lys	TTT	66.2	
MAG07	MAG07_MAG07_81	1	438	365	Met	CAT	77.6	
MAG07	MAG07_MAG07_85	1	13719	13792	Arg	TCT	74.5	
MAG07	MAG07_MAG07_100	1	7449	7378	Arg	CCG	56.5	
MAG07	MAG07_MAG07_100	2	1308	1173	Undet	NNN	53.4	
MAG07	MAG07_MAG07_110	1	10327	10400	His	GTG	67.0	
MAG18	MAG18_MAG18_3 	1	40174	40247	Arg	CCG	53.3	
MAG18	MAG18_MAG18_4 	1	35350	35437	Ser	GGA	68.4	
MAG18	MAG18_MAG18_5 	1	37652	37728	His	GTG	71.2	
MAG18	MAG18_MAG18_7 	1	1230	1146	Ser	TGA	66.1	
MAG18	MAG18_MAG18_9 	1	13942	13872	Gln	TTG	33.2	
MAG18	MAG18_MAG18_12	1	4124	4198	Arg	CCT	55.7	
MAG18	MAG18_MAG18_15	1	30590	30663	Pro	TGG	74.5	
MAG18	MAG18_MAG18_18	1	2308	2221	Ser	GCT	63.4	
MAG18	MAG18_MAG18_64	1	15385	15333	Val	TAC	30.8	
MAG18	MAG18_MAG18_65	1	4	76	Glu	CTC	65.7	
MAG18	MAG18_MAG18_67	1	14463	14544	Leu	CAA	63.9	
MAG18	MAG18_MAG18_73	1	2826	2753	Thr	TGT	68.4	
MAG18	MAG18_MAG18_73	2	2652	2570	Tyr	GTA	63.7	
MAG18	MAG18_MAG18_73	3	2559	2485	Gly	TCC	69.8	
MAG18	MAG18_MAG18_73	4	2471	2400	Thr	GGT	74.6	
MAG18	MAG18_MAG18_73	5	1033	961	Trp	CCA	67.0	
MAG18	MAG18_MAG18_79	1	13195	13268	Asp	GTC	75.6	
MAG18	MAG18_MAG18_85	1	13366	13441	Lys	CTT	79.2	
MAG18	MAG18_MAG18_89	1	3847	3774	Met	CAT	71.4	
MAG18	MAG18_MAG18_90	1	1	57	Lys	TTT	26.6	pseudo
MAG18	MAG18_MAG18_95	1	540	613	Asn	GTT	73.0	
MAG18	MAG18_MAG18_101	1	7112	7039	Ala	GGC	59.5	
MAG18	MAG18_MAG18_101	2	7016	6943	Met	CAT	81.2	
MAG18	MAG18_MAG18_102	1	9964	10036	Cys	GCA	55.1	
MAG18	MAG18_MAG18_113	1	10162	10244	Tyr	GTA	63.7	
MAG18	MAG18_MAG18_115	1	5084	5154	Gln	CTG	53.5	
MAG18	MAG18_MAG18_118	1	6448	6531	Leu	TAA	66.7	
MAG18	MAG18_MAG18_140	1	7051	7232	Ser	CGA	20.3	pseudo
MAG18	MAG18_MAG18_162	1	367	294	Arg	TCT	75.4	
MAG18	MAG18_MAG18_162	2	281	207	Val	GAC	68.6	
MAG18	MAG18_MAG18_184	1	4534	4615	Leu	TAG	65.2	
MAG18	MAG18_MAG18_203	1	289	215	Gly	CCC	78.2	
MAG18	MAG18_MAG18_210	1	293	223	Gln	TTG	43.9	
MAG11	MAG11_MAG11_10 	1	12942	13023	Tyr	GTA	66.5	
MAG11	MAG11_MAG11_29 	1	112	31	Leu	TAG	51.3	
MAG11	MAG11_MAG11_37 	1	10960	10888	Val	TAC	74.1	
MAG11	MAG11_MAG11_37 	2	10869	10796	Met	CAT	69.0	
MAG11	MAG11_MAG11_47 	1	13027	13101	Pro	GGG	73.6	
MAG11	MAG11_MAG11_68 	1	6305	6378	Met	CAT	77.2	
MAG11	MAG11_MAG11_69 	1	1	59	Met	CAT	29.5	
MAG11	MAG11_MAG11_69 	2	78	150	Phe	GAA	76.2	
MAG11	MAG11_MAG11_69 	3	179	251	Lys	TTT	76.0	
MAG11	MAG11_MAG11_77 	1	5914	5986	Phe	GAA	76.2	
MAG11	MAG11_MAG11_77 	2	6009	6079	Gly	TCC	77.8	
MAG11	MAG11_MAG11_77 	3	6084	6156	Gly	GCC	71.9	
MAG11	MAG11_MAG11_79 	1	383	300	Leu	AAG	69.4	
MAG11	MAG11_MAG11_82 	1	6352	6423	Glu	CTC	62.1	
MAG11	MAG11_MAG11_89 	1	7625	7713	Arg	TCG	56.0	
MAG11	MAG11_MAG11_93 	1	733	639	Undet	NNN	20.6	pseudo
MAG11	MAG11_MAG11_93 	2	208	119	Tyr	GTA	37.6	
MAG11	MAG11_MAG11_103	1	3256	3328	Thr	GGT	69.6	
MAG11	MAG11_MAG11_116	1	3147	3217	Gly	TCC	77.8	
MAG11	MAG11_MAG11_143	1	243	171	Ala	GGC	65.4	
MAG11	MAG11_MAG11_153	1	6692	6764	Gly	CCC	70.1	
MAG11	MAG11_MAG11_164	1	384	303	Leu	TAG	56.1	
MAG11	MAG11_MAG11_178	1	2	72	Pro	CGG	61.5	
MAG11	MAG11_MAG11_201	1	50	121	Arg	CCG	63.0	
MAG11	MAG11_MAG11_202	1	3027	2952	Undet	NNN	34.0	pseudo
MAG11	MAG11_MAG11_215	1	3050	3123	Arg	ACG	64.3	
MAG11	MAG11_MAG11_232	1	4875	4960	Ser	TGA	73.5	
MAG11	MAG11_MAG11_234	1	4473	4402	Gln	CTG	55.5	
MAG11	MAG11_MAG11_234	2	212	138	Gln	CTG	21.8	pseudo
MAG11	MAG11_MAG11_236	1	4964	4894	Trp	CCA	53.1	
MAG06	MAG06_MAG06_11 	1	16746	16673	Thr	GGT	67.4	
MAG06	MAG06_MAG06_25 	1	11667	11593	Asp	GTC	68.9	
MAG06	MAG06_MAG06_46 	1	2480	2552	Lys	CTT	82.2	
MAG06	MAG06_MAG06_54 	1	6599	6527	Arg	CCT	58.5	
MAG06	MAG06_MAG06_114	1	2	63	Ser	CGA	32.3	
MAG06	MAG06_MAG06_114	2	3663	3745	Tyr	GTA	61.0	
MAG06	MAG06_MAG06_114	3	3756	3827	Gln	TTG	63.7	
MAG06	MAG06_MAG06_118	1	965	893	Gln	CTG	55.8	
MAG06	MAG06_MAG06_200	1	2357	2287	Gly	CCC	65.8	
MAG05	MAG05_MAG05_5 	1	47351	47278	Val	CAC	70.8	
MAG05	MAG05_MAG05_8 	1	58716	58635	Tyr	GTA	57.9	
MAG05	MAG05_MAG05_8 	2	58562	58479	Leu	TAA	65.7	
MAG05	MAG05_MAG05_9 	1	60895	60822	Pro	CGG	80.7	
MAG05	MAG05_MAG05_10	1	42412	42485	Arg	CCT	70.1	
MAG05	MAG05_MAG05_14	1	5065	5137	Lys	CTT	81.7	
MAG05	MAG05_MAG05_18	1	47009	46924	Ser	CGA	70.0	
MAG05	MAG05_MAG05_24	1	18246	18329	Leu	AAG	63.5	
MAG05	MAG05_MAG05_24	2	14485	14402	Leu	CAG	65.3	
MAG05	MAG05_MAG05_32	1	24159	24229	Gly	CCC	61.1	
MAG05	MAG05_MAG05_35	1	6086	6015	Glu	CTC	60.8	
MAG05	MAG05_MAG05_35	2	5979	5908	Glu	CTC	60.8	
MAG05	MAG05_MAG05_41	1	19044	18970	Thr	CGT	81.7	
MAG05	MAG05_MAG05_42	1	1	58	Arg	TCT	30.2	pseudo
MAG05	MAG05_MAG05_42	2	189	262	His	GTG	73.1	
MAG05	MAG05_MAG05_42	3	299	370	Gln	TTG	62.5	
MAG05	MAG05_MAG05_42	4	377	449	Lys	TTT	76.3	
MAG05	MAG05_MAG05_42	5	2098	2179	Leu	TAG	60.5	
MAG05	MAG05_MAG05_43	1	25177	25095	Leu	CAA	71.1	
MAG05	MAG05_MAG05_45	1	3008	2938	Trp	CCA	64.4	
MAG05	MAG05_MAG05_51	1	19589	19518	Arg	CCG	61.7	
MAG05	MAG05_MAG05_53	1	11749	11678	Gly	TCC	77.8	
MAG05	MAG05_MAG05_53	2	11644	11573	Gly	GCC	79.2	
MAG05	MAG05_MAG05_70	1	10255	10328	Val	GAC	67.3	
MAG05	MAG05_MAG05_70	2	10706	10635	Glu	TTC	64.9	
MAG05	MAG05_MAG05_70	3	10604	10531	Met	CAT	74.9	
MAG05	MAG05_MAG05_70	4	10507	10434	Asp	GTC	75.1	
MAG05	MAG05_MAG05_72	1	2565	2632	Trp	CCA	27.5	
MAG05	MAG05_MAG05_73	1	3518	3590	Ala	GGC	73.9	
MAG05	MAG05_MAG05_89	1	14260	14345	Ser	TGA	75.3	
MAG05	MAG05_MAG05_89	2	14408	14496	Ser	GGA	61.6	
MAG05	MAG05_MAG05_105	1	3114	3188	Pro	AGG	71.9	
MAG05	MAG05_MAG05_107	1	6249	6176	Arg	ACG	72.3	
MAG05	MAG05_MAG05_116	1	6489	6435	Asn	GTT	30.6	
MAG05	MAG05_MAG05_117	1	421	334	Ser	GCT	60.7	
MAG05	MAG05_MAG05_120	1	8954	8880	Pro	TGG	80.4	
MAG05	MAG05_MAG05_132	1	74	2	Thr	GGT	69.6	
MAG05	MAG05_MAG05_134	1	6442	6386	Undet	NNN	29.2	
MAG05	MAG05_MAG05_134	2	6381	6308	Met	CAT	66.0	
MAG05	MAG05_MAG05_140	1	5842	5907	Ala	CGC	45.5	
MAG05	MAG05_MAG05_156	1	61	131	Cys	GCA	64.4	
MAG19	MAG19_MAG19_2 	1	14067	14138	Arg	CCG	51.7	
MAG19	MAG19_MAG19_3 	1	72558	72469	Ser	CGA	72.7	
MAG19	MAG19_MAG19_10	1	36709	36627	Tyr	GTA	66.3	
MAG19	MAG19_MAG19_10	2	36620	36549	Gln	TTG	63.7	
MAG19	MAG19_MAG19_10	3	24138	24053	Leu	AAG	63.6	
MAG19	MAG19_MAG19_41	1	17857	17807	Undet	NNN	14.3	pseudo
MAG19	MAG19_MAG19_41	2	17695	17622	His	GTG	61.5	
MAG19	MAG19_MAG19_41	3	17616	17532	Leu	CAA	63.7	
MAG19	MAG19_MAG19_41	4	3201	3117	Leu	CAG	46.8	
MAG19	MAG19_MAG19_44	1	11376	11303	Pro	CGG	72.2	
MAG19	MAG19_MAG19_47	1	277	204	Arg	CCT	75.3	
MAG19	MAG19_MAG19_51	1	8528	8601	Arg	TCT	77.3	
MAG19	MAG19_MAG19_53	1	2334	2264	Gly	CCC	65.3	
MAG19	MAG19_MAG19_79	1	8508	8456	Lys	CTT	27.4	
MAG19	MAG19_MAG19_79	2	8039	7967	Lys	CTT	80.9	
MAG19	MAG19_MAG19_88	1	6661	6591	Trp	CCA	57.3	
MAG19	MAG19_MAG19_88	2	6582	6510	His	GTG	63.1	
MAG19	MAG19_MAG19_88	3	6502	6431	Gln	TTG	64.2	
MAG19	MAG19_MAG19_88	4	6407	6337	Cys	GCA	68.7	
MAG19	MAG19_MAG19_88	5	6305	6221	Leu	CAA	63.7	
MAG19	MAG19_MAG19_91	1	6243	6170	Gly	GCC	80.7	
MAG19	MAG19_MAG19_102	1	1	47	Pro	TGG	22.1	pseudo
MAG19	MAG19_MAG19_103	1	3572	3646	Thr	GGT	64.5	
MAG19	MAG19_MAG19_115	1	733	661	Glu	CTC	60.6	
MAG16	MAG16_MAG16_1 	1	28775	28858	Leu	CAG	66.7	
MAG16	MAG16_MAG16_2 	1	19571	19643	Lys	CTT	83.7	
MAG16	MAG16_MAG16_2 	2	26543	26616	Pro	CGG	82.6	
MAG16	MAG16_MAG16_4 	1	14122	14062	Arg	CCT	26.3	
MAG16	MAG16_MAG16_4 	2	14035	13962	Arg	CCT	74.5	
MAG16	MAG16_MAG16_8 	1	24607	24533	Glu	CTC	61.1	
MAG16	MAG16_MAG16_15	1	5794	5881	Ser	CGA	66.0	
MAG16	MAG16_MAG16_19	1	30717	30787	Gly	CCC	65.4	
MAG16	MAG16_MAG16_22	1	43605	43535	Gln	CTG	45.4	
MAG16	MAG16_MAG16_30	1	34400	34327	Arg	ACG	72.3	
MAG16	MAG16_MAG16_30	2	27758	27684	Pro	TGG	80.4	
MAG16	MAG16_MAG16_30	3	27653	27583	Gly	TCC	77.0	
MAG16	MAG16_MAG16_30	4	27488	27415	Arg	TCT	75.2	
MAG16	MAG16_MAG16_30	5	27390	27317	His	GTG	72.9	
MAG16	MAG16_MAG16_30	6	27264	27193	Gln	TTG	62.5	
MAG16	MAG16_MAG16_30	7	27135	27063	Lys	TTT	76.1	
MAG16	MAG16_MAG16_30	8	25215	25135	Leu	TAG	57.1	
MAG16	MAG16_MAG16_32	1	993	1065	Ala	CGC	67.8	
MAG16	MAG16_MAG16_32	2	1859	1931	Thr	GGT	72.3	
MAG16	MAG16_MAG16_35	1	24337	24408	Arg	CCG	61.1	
MAG16	MAG16_MAG16_44	1	367	282	Ser	TGA	74.4	
MAG16	MAG16_MAG16_44	2	166	77	Ser	GGA	62.2	
MAG16	MAG16_MAG16_54	1	19974	19900	Thr	CGT	79.1	
MAG16	MAG16_MAG16_60	1	10153	10080	Val	CAC	70.8	
MAG16	MAG16_MAG16_72	1	13712	13794	Leu	CAA	70.8	
MAG16	MAG16_MAG16_77	1	90	162	Asn	GTT	71.2	
MAG16	MAG16_MAG16_77	2	17227	17298	Glu	TTC	66.2	
MAG16	MAG16_MAG16_77	3	17386	17459	Thr	TGT	70.8	
MAG16	MAG16_MAG16_83	1	79	151	Asn	GTT	71.2	
MAG16	MAG16_MAG16_83	2	185	256	Glu	TTC	66.2	
MAG16	MAG16_MAG16_83	3	287	358	Cys	GCA	61.6	
MAG16	MAG16_MAG16_110	1	90	163	Met	CAT	68.2	
MAG16	MAG16_MAG16_110	2	182	254	Phe	GAA	78.6	
MAG16	MAG16_MAG16_114	1	5736	5810	Pro	AGG	72.3	
MAG16	MAG16_MAG16_116	1	5031	5103	Lys	TTT	75.8	
MAG16	MAG16_MAG16_116	2	5464	5536	Glu	TTC	36.3	pseudo
MAG16	MAG16_MAG16_116	3	5539	5609	His	GTG	63.2	
MAG16	MAG16_MAG16_116	4	5614	5696	Tyr	GTA	61.2	
MAG16	MAG16_MAG16_121	1	843	926	Leu	AAG	67.2	
MAG16	MAG16_MAG16_141	1	6947	6874	Asp	GTC	77.8	
MAG16	MAG16_MAG16_141	2	6864	6792	Val	TAC	73.1	
MAG16	MAG16_MAG16_141	3	6754	6671	Leu	TAA	64.0	
MAG16	MAG16_MAG16_144	1	5512	5440	Gly	GCC	79.2	
MAG16	MAG16_MAG16_155	1	5083	5176	Phe	GAA	38.2	
MAG33	MAG33_MAG33_22 	1	5110	5029	Tyr	GTA	60.7	
MAG33	MAG33_MAG33_28 	1	7991	8061	Gly	CCC	63.7	
MAG33	MAG33_MAG33_47 	1	9365	9284	Tyr	GTA	56.9	
MAG33	MAG33_MAG33_47 	2	9229	9144	Leu	TAA	60.5	
MAG33	MAG33_MAG33_49 	1	362	433	Gln	CTG	55.5	
MAG33	MAG33_MAG33_49 	2	4630	4704	Gln	CTG	21.8	pseudo
MAG33	MAG33_MAG33_78 	1	3841	3756	Ser	CGA	79.8	
MAG33	MAG33_MAG33_84 	1	8589	8662	Val	GAC	67.3	
MAG33	MAG33_MAG33_85 	1	8287	8361	Undet	NNN	38.0	
MAG33	MAG33_MAG33_93 	1	4464	4536	Gly	GCC	76.9	
MAG33	MAG33_MAG33_94 	1	2290	2217	Pro	CGG	80.4	
MAG33	MAG33_MAG33_99 	1	5225	5155	Gly	TCC	77.8	
MAG33	MAG33_MAG33_105	1	7321	7402	Leu	TAG	56.1	
MAG33	MAG33_MAG33_121	1	6264	6335	Arg	CCG	59.5	
MAG33	MAG33_MAG33_154	1	4247	4175	Ala	CGC	74.5	
MAG33	MAG33_MAG33_199	1	188	106	Leu	CAA	69.0	
MAG33	MAG33_MAG33_215	1	2911	2984	Met	CAT	64.6	
MAG33	MAG33_MAG33_224	1	176	104	Ala	GGC	70.0	
MAG33	MAG33_MAG33_265	1	4214	4336	Phe	AAA	51.7	
MAG33	MAG33_MAG33_271	1	644	572	Thr	GGT	71.4	
MAG33	MAG33_MAG33_319	1	3263	3348	Ser	TGA	75.3	
MAG33	MAG33_MAG33_319	2	3397	3485	Ser	GGA	59.0	
MAG33	MAG33_MAG33_365	1	170	242	Asn	GTT	72.5	
MAG22	MAG22_MAG22_1 	1	76761	76835	Val	GAC	61.5	
MAG22	MAG22_MAG22_2 	1	96945	97039	Ser	GCT	69.2	
MAG22	MAG22_MAG22_2 	2	79966	79894	Val	TAC	73.7	
MAG22	MAG22_MAG22_2 	3	79864	79792	Val	TAC	73.7	
MAG22	MAG22_MAG22_2 	4	51379	51306	Glu	TTC	61.2	
MAG22	MAG22_MAG22_2 	5	4895	4820	His	GTG	70.4	
MAG22	MAG22_MAG22_3 	1	44323	44252	Gln	TTG	51.7	
MAG22	MAG22_MAG22_4 	1	54745	54821	Arg	CCG	67.0	
MAG22	MAG22_MAG22_5 	1	50355	50270	Leu	TAA	70.2	
MAG22	MAG22_MAG22_5 	2	34631	34545	Ser	TGA	56.5	
MAG22	MAG22_MAG22_7 	1	20317	20245	Met	CAT	77.4	
MAG22	MAG22_MAG22_10	1	312	239	Arg	CCT	71.3	
MAG22	MAG22_MAG22_11	1	12199	12274	Asn	GTT	66.3	
MAG22	MAG22_MAG22_25	1	16044	15955	Undet	NNN	30.0	pseudo
MAG22	MAG22_MAG22_25	2	2927	2854	Pro	TGG	73.6	
MAG22	MAG22_MAG22_25	3	2539	2466	Pro	CGG	73.9	
MAG22	MAG22_MAG22_26	1	13019	13094	Ala	GGC	67.9	
MAG22	MAG22_MAG22_30	1	13675	13602	Met	CAT	73.9	
MAG22	MAG22_MAG22_32	1	23744	23671	Arg	ACG	72.8	
MAG22	MAG22_MAG22_34	1	19395	19471	Asp	GTC	73.2	
MAG22	MAG22_MAG22_36	1	11468	11543	Lys	TTT	76.2	
MAG22	MAG22_MAG22_36	2	8772	8689	Leu	CAA	61.4	
MAG22	MAG22_MAG22_40	1	8342	8261	Leu	TAG	62.4	
MAG22	MAG22_MAG22_41	1	10106	10198	Sup	TCA	32.9	pseudo
MAG22	MAG22_MAG22_48	1	5803	5728	Thr	TGT	72.1	
MAG22	MAG22_MAG22_48	2	5659	5577	Tyr	GTA	67.5	
MAG22	MAG22_MAG22_48	3	5515	5440	Gly	TCC	75.6	
MAG22	MAG22_MAG22_48	4	3912	3840	Trp	CCA	65.2	
MAG22	MAG22_MAG22_52	1	3353	3267	Ser	GGA	66.1	
MAG22	MAG22_MAG22_55	1	220	295	Phe	GAA	68.6	
MAG22	MAG22_MAG22_56	1	10101	10185	Leu	CAG	58.0	
MAG22	MAG22_MAG22_75	1	6580	6655	Thr	CGT	76.1	
MAG22	MAG22_MAG22_75	2	6351	6279	Lys	CTT	69.3	
MAG22	MAG22_MAG22_79	1	73	149	Met	CAT	69.5	
MAG22	MAG22_MAG22_106	1	1737	1666	Gln	CTG	55.1	
MAG22	MAG22_MAG22_106	2	1538	1465	Arg	TCT	75.5	
MAG03	MAG03_MAG03_1 	1	99781	99866	Leu	CAA	67.8	
MAG03	MAG03_MAG03_1 	2	106376	106451	Ala	CGC	72.4	
MAG03	MAG03_MAG03_1 	3	125734	125809	Arg	TCT	70.5	
MAG03	MAG03_MAG03_2 	1	4496	4571	Ala	GGC	71.6	
MAG03	MAG03_MAG03_2 	2	10112	10186	Val	CAC	73.2	
MAG03	MAG03_MAG03_2 	3	56106	56181	Gly	GCC	83.7	
MAG03	MAG03_MAG03_2 	4	56226	56299	Cys	GCA	72.0	
MAG03	MAG03_MAG03_2 	5	56559	56634	Gly	GCC	83.7	
MAG03	MAG03_MAG03_2 	6	60976	61050	Val	GAC	71.1	
MAG03	MAG03_MAG03_2 	7	94629	94704	His	GTG	74.2	
MAG03	MAG03_MAG03_2 	8	94731	94806	Lys	CTT	84.7	
MAG03	MAG03_MAG03_2 	9	103262	103348	Leu	TAG	62.8	
MAG03	MAG03_MAG03_2 	10	101579	101506	Pro	TGG	80.2	
MAG03	MAG03_MAG03_2 	11	101495	101422	Gly	TCC	67.1	
MAG03	MAG03_MAG03_2 	12	738	666	Ala	GGC	71.6	
MAG03	MAG03_MAG03_2 	13	619	547	Met	CAT	81.0	
MAG03	MAG03_MAG03_3 	1	131896	131971	Glu	TTC	64.2	
MAG03	MAG03_MAG03_3 	2	133081	133001	Leu	TAA	56.6	
MAG03	MAG03_MAG03_3 	3	118348	118277	Val	TAC	73.0	
MAG03	MAG03_MAG03_3 	4	111475	111402	Pro	CGG	74.9	
MAG03	MAG03_MAG03_3 	5	85817	85742	Thr	TGT	70.3	
MAG03	MAG03_MAG03_3 	6	85550	85470	Tyr	GTA	61.2	
MAG03	MAG03_MAG03_3 	7	85465	85390	Thr	GGT	79.3	
MAG03	MAG03_MAG03_3 	8	85379	85306	Met	CAT	71.6	
MAG03	MAG03_MAG03_3 	9	83611	83539	Trp	CCA	63.8	
MAG03	MAG03_MAG03_3 	10	19544	19474	Gln	TTG	49.9	
MAG03	MAG03_MAG03_4 	1	43221	43311	Leu	GAG	62.6	
MAG03	MAG03_MAG03_4 	2	112022	111949	Pro	GGG	75.3	
MAG03	MAG03_MAG03_4 	3	48431	48361	Gln	CTG	52.5	
MAG03	MAG03_MAG03_4 	4	48345	48272	Glu	CTC	67.1	
MAG03	MAG03_MAG03_4 	5	48233	48160	Glu	CTC	67.1	
MAG03	MAG03_MAG03_5 	1	80765	80841	Arg	CCG	80.4	
MAG03	MAG03_MAG03_8 	1	33135	33225	Ser	GGA	64.3	
MAG03	MAG03_MAG03_8 	2	33266	33356	Ser	CGA	73.3	
MAG03	MAG03_MAG03_8 	3	47298	47225	Ile	GAT	82.4	
MAG03	MAG03_MAG03_8 	4	47159	47087	Ala	TGC	79.5	
MAG03	MAG03_MAG03_9 	1	66427	66356	Asn	GTT	68.6	
MAG03	MAG03_MAG03_12	1	48151	48241	Ser	GCT	61.7	
MAG03	MAG03_MAG03_12	2	48630	48706	Arg	ACG	78.9	
MAG03	MAG03_MAG03_12	3	48883	48959	Arg	ACG	78.9	
MAG03	MAG03_MAG03_12	4	55020	54937	Leu	CAG	61.6	
MAG03	MAG03_MAG03_13	1	37225	37152	Met	CAT	77.5	
MAG03	MAG03_MAG03_18	1	17944	18019	Thr	CGT	73.4	
MAG03	MAG03_MAG03_19	1	29450	29525	Phe	GAA	77.4	
MAG03	MAG03_MAG03_30	1	8890	8964	Gly	CCC	70.8	
MAG03	MAG03_MAG03_30	2	6579	6507	Lys	TTT	79.3	
MAG03	MAG03_MAG03_32	1	10967	10895	Arg	CCT	66.0	
MAG03	MAG03_MAG03_35	1	919	833	Ser	TGA	72.1	
MAG03	MAG03_MAG03_37	1	1237	1313	Asp	GTC	82.9	
MAG02	MAG02_MAG02_1 	1	49534	49605	Arg	CCT	52.2	
MAG02	MAG02_MAG02_3 	1	69948	70018	Trp	CCA	52.7	
MAG02	MAG02_MAG02_3 	2	82102	82029	Gly	GCC	71.9	
MAG02	MAG02_MAG02_4 	1	82723	82795	Ala	CGC	79.7	
MAG02	MAG02_MAG02_4 	2	82812	82885	Val	CAC	72.6	
MAG02	MAG02_MAG02_12	1	11055	11127	Thr	GGT	69.6	
MAG02	MAG02_MAG02_12	2	21648	21720	Val	TAC	73.1	
MAG02	MAG02_MAG02_12	3	21725	21798	Met	CAT	67.3	
MAG02	MAG02_MAG02_13	1	10304	10222	Leu	CAA	70.8	
MAG02	MAG02_MAG02_14	1	48449	48377	Ala	GGC	75.7	
MAG02	MAG02_MAG02_20	1	15809	15733	Undet	NNN	41.2	
MAG02	MAG02_MAG02_27	1	70	141	Gln	TTG	62.5	
MAG02	MAG02_MAG02_27	2	149	221	Lys	TTT	74.8	
MAG02	MAG02_MAG02_27	3	282	362	Leu	TAG	57.3	
MAG02	MAG02_MAG02_31	1	21419	21491	Gly	CCC	70.1	
MAG02	MAG02_MAG02_40	1	321	233	Ser	GCT	57.6	
MAG02	MAG02_MAG02_44	1	1615	1698	Leu	AAG	62.7	
MAG02	MAG02_MAG02_44	2	16910	16982	Thr	CGT	76.4	
MAG02	MAG02_MAG02_44	3	1460	1378	Leu	CAG	67.5	
MAG02	MAG02_MAG02_66	1	7795	7722	Pro	GGG	71.9	
MAG02	MAG02_MAG02_85	1	4200	4272	Arg	CCG	74.0	
MAG02	MAG02_MAG02_97	1	1	52	Undet	NNN	23.0	
MAG02	MAG02_MAG02_97	2	8864	8776	Arg	TCG	55.3	
MAG02	MAG02_MAG02_105	1	10576	10526	Pro	CGG	22.7	pseudo
MAG02	MAG02_MAG02_112	1	356	271	Ser	TGA	74.4	
MAG02	MAG02_MAG02_112	2	221	132	Ser	GGA	65.9	
MAG02	MAG02_MAG02_131	1	294	367	Arg	ACG	76.4	
MAG02	MAG02_MAG02_149	1	1608	1680	Lys	CTT	80.6	
MAG02	MAG02_MAG02_170	1	3213	3284	Gln	CTG	55.5	
MAG23	MAG23_MAG23_3 	1	19626	19699	Val	CAC	72.6	
MAG23	MAG23_MAG23_7 	1	52763	52835	Thr	GGT	65.9	
MAG23	MAG23_MAG23_22	1	15408	15336	Ala	CGC	72.2	
MAG23	MAG23_MAG23_33	1	3678	3606	Lys	TTT	73.4	
MAG23	MAG23_MAG23_33	2	3257	3185	Glu	TTC	61.3	
MAG23	MAG23_MAG23_33	3	3180	3108	Glu	CTC	63.3	
MAG23	MAG23_MAG23_33	4	2960	2878	Tyr	GTA	63.8	
MAG23	MAG23_MAG23_33	5	2871	2787	Ser	GCT	51.9	
MAG23	MAG23_MAG23_34	1	5338	5411	Pro	CGG	83.0	
MAG23	MAG23_MAG23_34	2	26391	26318	Arg	CCT	69.1	
MAG23	MAG23_MAG23_39	1	5380	5300	Leu	TAG	53.9	
MAG23	MAG23_MAG23_49	1	23846	23797	Asp	GTC	19.8	
MAG23	MAG23_MAG23_49	2	23731	23659	Val	TAC	73.1	
MAG23	MAG23_MAG23_49	3	23647	23564	Leu	TAA	63.9	
MAG23	MAG23_MAG23_49	4	6941	6868	Arg	ACG	73.6	
MAG23	MAG23_MAG23_65	1	210	293	Leu	CAG	61.4	
MAG23	MAG23_MAG23_74	1	9102	9174	Lys	CTT	78.7	
MAG23	MAG23_MAG23_79	1	16972	17043	Glu	CTC	62.1	
MAG23	MAG23_MAG23_81	1	9592	9521	Gln	CTG	56.6	
MAG23	MAG23_MAG23_84	1	10123	10040	Leu	CAA	69.6	
MAG23	MAG23_MAG23_91	1	3487	3415	Gly	GCC	81.2	
MAG23	MAG23_MAG23_94	1	5176	5106	Gly	CCC	60.5	
MAG23	MAG23_MAG23_97	1	1	72	Arg	CCG	58.4	
MAG23	MAG23_MAG23_110	1	13264	13215	Lys	TTT	18.6	pseudo
MAG23	MAG23_MAG23_124	1	8761	8691	Trp	CCA	63.2	
MAG23	MAG23_MAG23_136	1	2695	2767	Pro	AGG	68.2	
MAG23	MAG23_MAG23_150	1	6202	6285	Leu	AAG	64.1	
MAG23	MAG23_MAG23_171	1	1605	1531	Thr	CGT	77.8	
MAG23	MAG23_MAG23_192	1	444	370	Pro	TGG	80.4	
MAG23	MAG23_MAG23_192	2	334	264	Gly	TCC	77.0	
MAG23	MAG23_MAG23_242	1	226	297	Asn	GTT	70.2	
MAG23	MAG23_MAG23_242	2	2308	2376	Asn	GTT	31.4	
MAG17	MAG17_MAG17_1 	1	97219	97147	Val	TAC	72.0	
MAG17	MAG17_MAG17_1 	2	97136	97056	Tyr	GTA	61.9	
MAG17	MAG17_MAG17_1 	3	97039	96967	Gln	TTG	58.4	
MAG17	MAG17_MAG17_1 	4	96951	96878	Gly	TCC	68.9	
MAG17	MAG17_MAG17_1 	5	90664	90592	Val	TAC	72.0	
MAG17	MAG17_MAG17_1 	6	90583	90511	Thr	TGT	74.1	
MAG17	MAG17_MAG17_1 	7	90504	90432	Lys	TTT	79.3	
MAG17	MAG17_MAG17_1 	8	90415	90342	Gly	TCC	68.9	
MAG17	MAG17_MAG17_3 	1	1970	2043	Trp	CCA	57.5	
MAG17	MAG17_MAG17_3 	2	23524	23600	Pro	CGG	72.0	
MAG17	MAG17_MAG17_4 	1	32402	32484	Leu	TAG	62.0	
MAG17	MAG17_MAG17_4 	2	30585	30513	Thr	CGT	73.4	
MAG17	MAG17_MAG17_7 	1	32602	32529	Ile	GAT	74.1	
MAG17	MAG17_MAG17_7 	2	32509	32437	Ala	TGC	66.8	
MAG17	MAG17_MAG17_7 	3	25832	25759	Ile	GAT	74.1	
MAG17	MAG17_MAG17_7 	4	25739	25667	Ala	TGC	66.8	
MAG17	MAG17_MAG17_10	1	602	516	Ser	GGA	61.2	
MAG17	MAG17_MAG17_15	1	19010	18937	Gly	CCC	64.2	
MAG17	MAG17_MAG17_19	1	28899	28824	His	GTG	56.4	
MAG17	MAG17_MAG17_21	1	11521	11597	Pro	GGG	72.4	
MAG17	MAG17_MAG17_26	1	9695	9779	Leu	CAG	56.7	
MAG17	MAG17_MAG17_27	1	20987	20914	Arg	CCG	73.2	
MAG17	MAG17_MAG17_27	2	20788	20715	Arg	CCT	77.4	
MAG17	MAG17_MAG17_27	3	18215	18143	Ala	CGC	71.9	
MAG17	MAG17_MAG17_28	1	10488	10405	Leu	CAA	62.6	
MAG17	MAG17_MAG17_28	2	10395	10323	Ala	GGC	68.8	
MAG17	MAG17_MAG17_34	1	10096	10172	Arg	TCT	76.9	
MAG17	MAG17_MAG17_49	1	2923	2842	Leu	CAG	56.7	
MAG17	MAG17_MAG17_50	1	2441	2515	Cys	GCA	55.2	
MAG17	MAG17_MAG17_50	2	2519	2605	Leu	TAA	68.0	
MAG17	MAG17_MAG17_51	1	15296	15224	Glu	TTC	60.7	
MAG17	MAG17_MAG17_62	1	239	167	Gln	CTG	61.8	
MAG17	MAG17_MAG17_62	2	157	85	Gln	CTG	61.8	
MAG17	MAG17_MAG17_67	1	11035	11123	Ser	CGA	76.6	
MAG17	MAG17_MAG17_82	1	9763	9837	Glu	CTC	62.3	
MAG17	MAG17_MAG17_115	1	1724	1642	Ser	GCT	60.4	
MAG28	MAG28_MAG28_1 	1	46308	46383	Asp	GTC	51.7	
MAG28	MAG28_MAG28_2 	1	31995	31923	Gly	CCC	77.7	
MAG28	MAG28_MAG28_2 	2	6671	6601	Gln	CTG	53.5	
MAG28	MAG28_MAG28_6 	1	36205	36133	Arg	CCT	41.4	
MAG28	MAG28_MAG28_9 	1	28299	28380	Leu	CAA	63.0	
MAG28	MAG28_MAG28_12	1	10568	10640	Lys	CTT	77.9	
MAG28	MAG28_MAG28_13	1	22630	22561	Undet	NNN	40.7	
MAG28	MAG28_MAG28_19	1	15170	15099	Arg	CCG	53.8	
MAG28	MAG28_MAG28_21	1	54	1	Met	CAT	22.0	
MAG28	MAG28_MAG28_22	1	18607	18679	Pro	CGG	74.0	
MAG28	MAG28_MAG28_36	1	1	62	Trp	CCA	25.1	
MAG28	MAG28_MAG28_43	1	10315	10242	Asn	GTT	73.2	
MAG28	MAG28_MAG28_43	2	10219	10146	Asn	GTT	73.2	
MAG28	MAG28_MAG28_49	1	1574	1647	Ala	GGC	60.4	
MAG28	MAG28_MAG28_57	1	13088	13158	Gln	TTG	48.1	
MAG28	MAG28_MAG28_98	1	9357	9284	Arg	ACG	62.8	
MAG28	MAG28_MAG28_98	2	9239	9166	Arg	ACG	62.8	
MAG28	MAG28_MAG28_113	1	6251	6178	Met	CAT	78.6	
MAG28	MAG28_MAG28_118	1	1000	927	His	GTG	79.9	
MAG28	MAG28_MAG28_123	1	96	10	Ser	CGA	71.6	
MAG28	MAG28_MAG28_126	1	1756	1675	Leu	TAG	63.5	
MAG28	MAG28_MAG28_139	1	6821	6750	Glu	TTC	45.0	
MAG28	MAG28_MAG28_181	1	4896	4983	Ser	GGA	64.7	
MAG28	MAG28_MAG28_181	2	4994	5067	Met	CAT	76.4	
MAG28	MAG28_MAG28_182	1	3884	3811	Arg	TCT	81.4	
MAG04	MAG04_MAG04_2 	1	40136	40206	Gln	TTG	47.8	
MAG04	MAG04_MAG04_2 	2	54275	54200	Gly	CCC	83.0	
MAG04	MAG04_MAG04_5 	1	68327	68413	Ser	CGA	69.8	
MAG04	MAG04_MAG04_5 	2	21086	21013	Ala	GGC	59.5	
MAG04	MAG04_MAG04_8 	1	17623	17551	Lys	CTT	75.5	
MAG04	MAG04_MAG04_9 	1	21890	21962	Lys	TTT	73.0	
MAG04	MAG04_MAG04_14	1	31268	31341	Met	CAT	77.7	
MAG04	MAG04_MAG04_16	1	33080	33009	Arg	CCG	54.6	
MAG04	MAG04_MAG04_17	1	27990	28062	Pro	CGG	69.1	
MAG04	MAG04_MAG04_30	1	11181	11098	Leu	TAA	68.2	
MAG04	MAG04_MAG04_30	2	6687	6617	Cys	GCA	57.1	
MAG04	MAG04_MAG04_34	1	20176	20250	Thr	CGT	71.0	
MAG04	MAG04_MAG04_44	1	19360	19447	Ser	GGA	64.3	
MAG04	MAG04_MAG04_57	1	11733	11660	Asp	GTC	80.1	
MAG04	MAG04_MAG04_60	1	4103	4022	Leu	CAA	64.6	
MAG04	MAG04_MAG04_70	1	9791	9863	Glu	CTC	63.2	
MAG04	MAG04_MAG04_79	1	1087	1014	Arg	TCT	78.8	
MAG04	MAG04_MAG04_80	1	527	453	Val	TAC	86.7	
MAG04	MAG04_MAG04_80	2	385	311	Val	TAC	86.7	
MAG04	MAG04_MAG04_83	1	9805	9879	Pro	GGG	64.6	
MAG04	MAG04_MAG04_96	1	6018	6092	Glu	TTC	45.7	
MAG04	MAG04_MAG04_96	2	6406	6477	Glu	TTC	45.7	
MAG04	MAG04_MAG04_127	1	1	51	Met	CAT	15.6	pseudo
MAG01	MAG01_MAG01_1 	1	95742	95671	Arg	CCG	56.5	
MAG01	MAG01_MAG01_2 	1	75143	75068	Thr	TGT	69.6	
MAG01	MAG01_MAG01_2 	2	75026	74944	Tyr	GTA	64.3	
MAG01	MAG01_MAG01_2 	3	74910	74838	Gly	TCC	67.0	
MAG01	MAG01_MAG01_2 	4	74825	74754	Thr	GGT	74.8	
MAG01	MAG01_MAG01_2 	5	73460	73388	Trp	CCA	72.9	
MAG01	MAG01_MAG01_5 	1	17835	17764	Arg	CCT	55.7	
MAG01	MAG01_MAG01_7 	1	23695	23782	Ser	GGA	70.7	
MAG01	MAG01_MAG01_9 	1	47066	47136	Gln	CTG	52.4	
MAG01	MAG01_MAG01_9 	2	12060	11986	Pro	GGG	65.9	
MAG01	MAG01_MAG01_30	1	12805	12886	Leu	TAG	67.6	
MAG01	MAG01_MAG01_33	1	29568	29640	Lys	TTT	66.2	
MAG01	MAG01_MAG01_42	1	20757	20830	Ala	GGC	63.5	
MAG01	MAG01_MAG01_44	1	12249	12322	Asp	GTC	76.2	
MAG01	MAG01_MAG01_45	1	18190	18262	Trp	CCA	72.9	
MAG01	MAG01_MAG01_45	2	4568	4484	Ser	TGA	67.9	
MAG01	MAG01_MAG01_53	1	13304	13217	Ser	GGA	74.3	
MAG01	MAG01_MAG01_69	1	251	179	Lys	TTT	66.2	
MAG01	MAG01_MAG01_75	1	18326	18399	Met	CAT	71.4	
MAG01	MAG01_MAG01_94	1	1893	1967	Thr	CGT	81.4	
MAG01	MAG01_MAG01_105	1	13690	13760	Gln	TTG	53.6	
MAG01	MAG01_MAG01_106	1	2636	2701	Met	CAT	30.8	
MAG01	MAG01_MAG01_107	1	13659	13733	Pro	TGG	76.4	
MAG01	MAG01_MAG01_110	1	5343	5415	Gly	CCC	83.2	
MAG01	MAG01_MAG01_111	1	6431	6505	Gly	GCC	77.5	
MAG01	MAG01_MAG01_111	2	6551	6631	Leu	CAG	52.8	
MAG01	MAG01_MAG01_111	3	6655	6738	Leu	GAG	50.0	
MAG01	MAG01_MAG01_111	4	6755	6829	Gly	GCC	77.5	
MAG01	MAG01_MAG01_111	5	6875	6955	Leu	CAG	52.8	
MAG01	MAG01_MAG01_111	6	6979	7062	Leu	GAG	50.0	
MAG01	MAG01_MAG01_111	7	7079	7153	Gly	GCC	77.5	
MAG01	MAG01_MAG01_114	1	8140	8065	Thr	TGT	69.6	
MAG01	MAG01_MAG01_120	1	4400	4474	Val	TAC	81.8	
MAG01	MAG01_MAG01_125	1	6066	5993	Arg	TCT	71.8	
MAG01	MAG01_MAG01_127	1	333	260	Arg	ACG	59.7	
MAG01	MAG01_MAG01_127	2	239	166	Arg	ACG	58.2	
MAG01	MAG01_MAG01_132	1	11322	11406	Ser	TGA	65.7	
MAG01	MAG01_MAG01_138	1	6722	6804	Tyr	GTA	64.3	
MAG01	MAG01_MAG01_138	2	6838	6910	Gly	TCC	67.0	
MAG01	MAG01_MAG01_139	1	10758	10830	Gly	GCC	76.2	
MAG01	MAG01_MAG01_139	2	10847	10931	Leu	TAA	63.4	
MAG01	MAG01_MAG01_154	1	360	288	Phe	GAA	74.6	
MAG01	MAG01_MAG01_171	1	8436	8510	Cys	GCA	54.3	
MAG01	MAG01_MAG01_172	1	291	219	Met	CAT	67.3	
MAG01	MAG01_MAG01_198	1	7146	7218	Lys	CTT	76.9	
MAG01	MAG01_MAG01_198	2	7243	7315	Lys	CTT	74.6	
MAG01	MAG01_MAG01_214	1	1602	1529	Thr	TGT	68.4	
MAG01	MAG01_MAG01_215	1	767	876	Gly	CCC	54.2	
MAG01	MAG01_MAG01_231	1	4135	4052	Leu	CAA	54.1	
MAG01	MAG01_MAG01_244	1	451	526	Phe	GAA	74.6	
MAG01	MAG01_MAG01_244	2	270	198	Pro	CGG	70.4	
MAG01	MAG01_MAG01_264	1	3849	3922	Asn	GTT	72.9	
MAG01	MAG01_MAG01_264	2	3948	4021	Asn	GTT	72.9	
MAG01	MAG01_MAG01_307	1	1487	1560	His	GTG	67.9	
MAG21	MAG21_MAG21_4 	1	40444	40516	Thr	GGT	76.0	
MAG21	MAG21_MAG21_10	1	1	52	Undet	NNN	21.1	pseudo
MAG21	MAG21_MAG21_10	2	94	166	Thr	TGT	71.7	
MAG21	MAG21_MAG21_10	3	195	276	Tyr	GTA	60.0	
MAG21	MAG21_MAG21_10	4	291	364	Met	CAT	75.0	
MAG21	MAG21_MAG21_10	5	372	444	Phe	GAA	76.2	
MAG21	MAG21_MAG21_10	6	468	540	Lys	TTT	73.0	
MAG21	MAG21_MAG21_12	1	26981	26907	Pro	GGG	76.4	
MAG21	MAG21_MAG21_17	1	32280	32231	Gly	TCC	22.0	pseudo
MAG21	MAG21_MAG21_30	1	25381	25327	Ser	CGA	28.5	
MAG21	MAG21_MAG21_32	1	13459	13530	Gln	CTG	58.1	
MAG21	MAG21_MAG21_32	2	24440	24525	Ser	TGA	73.4	
MAG21	MAG21_MAG21_38	1	15043	14960	Leu	CAA	67.9	
MAG21	MAG21_MAG21_40	1	19114	19186	Gly	GCC	71.9	
MAG21	MAG21_MAG21_43	1	14003	13922	Tyr	GTA	60.0	
MAG21	MAG21_MAG21_43	2	13902	13817	Leu	TAA	67.3	
MAG21	MAG21_MAG21_52	1	11162	11076	Ser	CGA	68.1	
MAG21	MAG21_MAG21_55	1	7223	7294	Glu	CTC	62.6	
MAG21	MAG21_MAG21_55	2	16968	16897	Arg	CCG	59.0	
MAG21	MAG21_MAG21_59	1	6378	6306	Val	TAC	73.1	
MAG21	MAG21_MAG21_59	2	6296	6223	Met	CAT	62.0	
MAG21	MAG21_MAG21_101	1	8673	8599	Thr	CGT	80.8	
MAG21	MAG21_MAG21_110	1	7179	7258	Leu	TAG	61.8	
MAG21	MAG21_MAG21_122	1	6441	6370	Glu	TTC	64.9	
MAG21	MAG21_MAG21_122	2	6365	6294	Cys	GCA	62.5	
MAG21	MAG21_MAG21_139	1	77	149	Trp	CCA	69.2	
MAG21	MAG21_MAG21_144	1	1248	1321	Met	CAT	77.2	
MAG21	MAG21_MAG21_150	1	73	1	Ala	CGC	74.5	
MAG21	MAG21_MAG21_158	1	3481	3398	Leu	CAG	62.4	
MAG21	MAG21_MAG21_167	1	2985	2913	Lys	CTT	74.0	
MAG10	MAG10_MAG10_3 	1	89244	89170	Val	TAC	79.1	
MAG10	MAG10_MAG10_3 	2	89024	88950	Val	TAC	79.1	
MAG10	MAG10_MAG10_3 	3	85704	85639	Undet	NNN	26.7	pseudo
MAG10	MAG10_MAG10_3 	4	19791	19721	Gln	TTG	49.7	
MAG10	MAG10_MAG10_4 	1	3368	3298	Gln	CTG	51.1	
MAG10	MAG10_MAG10_5 	1	9404	9477	Ala	GGC	63.1	
MAG10	MAG10_MAG10_7 	1	6190	6117	Met	CAT	76.5	
MAG10	MAG10_MAG10_11	1	49315	49399	Ser	CGA	68.7	
MAG10	MAG10_MAG10_13	1	56815	56729	Ser	GCT	66.1	
MAG10	MAG10_MAG10_16	1	1	77	Ser	GGA	38.8	
MAG10	MAG10_MAG10_18	1	27323	27240	Leu	TAA	64.8	
MAG10	MAG10_MAG10_18	2	24223	24142	Leu	CAA	61.3	
MAG10	MAG10_MAG10_18	3	76	1	Pro	GGG	64.0	
MAG10	MAG10_MAG10_19	1	11139	11067	Cys	GCA	50.7	
MAG10	MAG10_MAG10_21	1	32954	33028	Pro	TGG	71.8	
MAG10	MAG10_MAG10_21	2	33100	33180	Leu	CAG	55.9	
MAG10	MAG10_MAG10_21	3	41505	41432	Pro	CGG	69.8	
MAG10	MAG10_MAG10_22	1	28287	28358	Gln	TTG	65.2	
MAG10	MAG10_MAG10_24	1	27967	28041	Gly	CCC	76.7	
MAG10	MAG10_MAG10_26	1	9319	9241	Undet	NNN	46.4	
MAG10	MAG10_MAG10_39	1	12393	12312	Leu	TAG	68.3	
MAG10	MAG10_MAG10_41	1	19207	19135	Lys	CTT	78.1	
MAG10	MAG10_MAG10_42	1	8492	8565	Asn	GTT	73.0	
MAG10	MAG10_MAG10_42	2	8615	8688	Asn	GTT	73.0	
MAG10	MAG10_MAG10_43	1	1	58	Arg	TCT	24.2	
MAG10	MAG10_MAG10_64	1	84	2	Tyr	GTA	64.6	
MAG10	MAG10_MAG10_71	1	4123	4197	Asp	GTC	78.2	
MAG10	MAG10_MAG10_74	1	1	72	Glu	CTC	63.8	
MAG10	MAG10_MAG10_78	1	3895	3820	Thr	TGT	69.6	
MAG10	MAG10_MAG10_79	1	136	62	His	GTG	72.9	
MAG10	MAG10_MAG10_82	1	4	87	Leu	GAG	45.7	
MAG10	MAG10_MAG10_82	2	180	254	Gly	GCC	80.0	
MAG10	MAG10_MAG10_82	3	267	341	Gly	GCC	80.0	
MAG10	MAG10_MAG10_82	4	385	469	Leu	GAG	50.5	
MAG10	MAG10_MAG10_104	1	1	66	Arg	CCG	28.1	pseudo
MAG10	MAG10_MAG10_122	1	3597	3526	Met	CAT	76.0	
MAG27	MAG27_MAG27_1 	1	8411	8482	Gln	CTG	56.6	
MAG27	MAG27_MAG27_8 	1	29926	29854	Val	TAC	75.4	
MAG27	MAG27_MAG27_8 	2	29839	29766	Met	CAT	62.4	
MAG27	MAG27_MAG27_30	1	21953	21882	Arg	CCT	49.3	
MAG27	MAG27_MAG27_32	1	6365	6291	Thr	CGT	79.1	
MAG27	MAG27_MAG27_65	1	13646	13720	Thr	GGT	67.9	
MAG27	MAG27_MAG27_65	2	13942	13870	Gly	CCC	72.6	
MAG27	MAG27_MAG27_66	1	10164	10275	Glu	TTC	38.9	
MAG27	MAG27_MAG27_87	1	168	253	Ser	CGA	67.0	
MAG27	MAG27_MAG27_112	1	3877	3959	Leu	CAA	71.5	
MAG27	MAG27_MAG27_114	1	3680	3753	Pro	CGG	79.6	
MAG27	MAG27_MAG27_139	1	8725	8795	Trp	CCA	63.2	
MAG27	MAG27_MAG27_148	1	7561	7474	Ser	GCT	57.0	
MAG27	MAG27_MAG27_159	1	8718	8788	Gly	TCC	77.8	
MAG27	MAG27_MAG27_171	1	7751	7679	Gly	GCC	79.2	
MAG27	MAG27_MAG27_201	1	3689	3762	Val	CAC	72.6	
MAG27	MAG27_MAG27_201	2	6180	6108	Pro	AGG	67.4	
MAG27	MAG27_MAG27_237	1	3117	3188	Glu	TTC	64.9	
MAG27	MAG27_MAG27_237	2	3195	3268	Met	CAT	76.2	
MAG27	MAG27_MAG27_237	3	3318	3391	Asp	GTC	83.0	
MAG27	MAG27_MAG27_237	4	3480	3552	Val	TAC	73.1	
MAG27	MAG27_MAG27_237	5	3557	3642	Leu	TAA	70.3	
MAG27	MAG27_MAG27_237	6	6590	6649	Arg	ACG	49.6	
MAG27	MAG27_MAG27_266	1	2510	2438	Ala	CGC	66.3	
MAG27	MAG27_MAG27_278	1	232	315	Leu	CAG	60.4	
MAG27	MAG27_MAG27_301	1	1	63	Gln	TTG	36.3	
MAG27	MAG27_MAG27_301	2	70	142	Lys	TTT	73.4	
MAG27	MAG27_MAG27_301	3	1922	2004	Leu	TAG	64.7	
MAG32	MAG32_MAG32_2 	1	26597	26527	Cys	GCA	55.6	
MAG32	MAG32_MAG32_5 	1	30837	30767	Gln	TTG	45.5	
MAG32	MAG32_MAG32_6 	1	57705	57652	His	GTG	19.0	pseudo
MAG32	MAG32_MAG32_20	1	1063	992	Glu	TTC	45.7	
MAG32	MAG32_MAG32_20	2	519	448	Glu	TTC	45.7	
MAG32	MAG32_MAG32_21	1	30878	30948	Gln	CTG	55.2	
MAG32	MAG32_MAG32_31	1	1	51	Undet	NNN	23.3	pseudo
MAG32	MAG32_MAG32_31	2	182	256	Val	TAC	83.7	
MAG32	MAG32_MAG32_31	3	391	465	Val	TAC	83.7	
MAG32	MAG32_MAG32_33	1	23325	23253	Gly	GCC	78.8	
MAG32	MAG32_MAG32_33	2	23138	23055	Leu	GAG	54.9	
MAG32	MAG32_MAG32_39	1	20980	20920	Ser	CGA	33.0	
MAG32	MAG32_MAG32_42	1	219	138	Leu	CAA	63.0	
MAG32	MAG32_MAG32_50	1	216	145	Met	CAT	74.2	
MAG32	MAG32_MAG32_51	1	3652	3579	Arg	TCT	75.8	
MAG32	MAG32_MAG32_52	1	4994	4913	Leu	TAG	62.1	
MAG32	MAG32_MAG32_54	1	17566	17653	Ser	GGA	66.1	
MAG32	MAG32_MAG32_56	1	777	702	Thr	TGT	69.6	
MAG32	MAG32_MAG32_56	2	660	578	Tyr	GTA	59.0	
MAG32	MAG32_MAG32_56	3	514	442	Gly	TCC	68.6	
MAG32	MAG32_MAG32_56	4	428	357	Thr	GGT	76.4	
MAG32	MAG32_MAG32_58	1	278	205	Met	CAT	76.2	
MAG32	MAG32_MAG32_67	1	3315	3232	Leu	TAA	62.5	
MAG32	MAG32_MAG32_76	1	286	202	Ser	TGA	67.2	
MAG32	MAG32_MAG32_84	1	10631	10571	Ala	GGC	24.9	pseudo
MAG32	MAG32_MAG32_92	1	3874	3946	Lys	TTT	73.0	
MAG32	MAG32_MAG32_110	1	4486	4413	Pro	GGG	63.9	
MAG32	MAG32_MAG32_112	1	64	5	His	GTG	52.5	
MAG26	MAG26_MAG26_1 	1	4999	4927	Lys	CTT	75.8	
MAG26	MAG26_MAG26_3 	1	2307	2377	Cys	GCA	49.5	
MAG26	MAG26_MAG26_5 	1	12968	13039	Arg	CCG	52.7	
MAG26	MAG26_MAG26_6 	1	30008	30082	Pro	TGG	71.8	
MAG26	MAG26_MAG26_7 	1	27004	26932	Pro	CGG	73.1	
MAG26	MAG26_MAG26_10	1	11962	11876	Ser	CGA	69.8	
MAG26	MAG26_MAG26_12	1	20408	20478	Gln	CTG	50.3	
MAG26	MAG26_MAG26_12	2	20613	20683	Gln	CTG	50.3	
MAG26	MAG26_MAG26_27	1	6829	6755	Pro	GGG	61.9	
MAG26	MAG26_MAG26_43	1	8458	8387	Arg	CCT	54.2	
MAG26	MAG26_MAG26_51	1	13741	13670	Met	CAT	71.6	
MAG26	MAG26_MAG26_60	1	161	78	Asn	GTT	51.9	
MAG26	MAG26_MAG26_61	1	9934	10008	Val	TAC	79.1	
MAG26	MAG26_MAG26_61	2	10050	10124	Val	TAC	79.1	
MAG26	MAG26_MAG26_65	1	1999	1927	Phe	GAA	74.6	
MAG26	MAG26_MAG26_81	1	9178	9095	Leu	GAG	58.2	
MAG26	MAG26_MAG26_95	1	7826	7744	Tyr	GTA	63.7	
MAG26	MAG26_MAG26_120	1	5037	5121	Leu	TAG	68.3	
MAG26	MAG26_MAG26_134	1	5518	5588	Gln	TTG	55.6	
MAG08	MAG08_MAG08_1 	1	74630	74702	Lys	CTT	80.9	
MAG08	MAG08_MAG08_1 	2	74840	74912	Lys	CTT	80.9	
MAG08	MAG08_MAG08_3 	1	33160	33086	Gly	GCC	77.0	
MAG08	MAG08_MAG08_3 	2	33045	32972	Pro	CGG	76.2	
MAG08	MAG08_MAG08_9 	1	10680	10752	Gly	CCC	59.4	
MAG08	MAG08_MAG08_9 	2	29123	29049	Thr	GGT	53.1	
MAG08	MAG08_MAG08_13	1	12133	12048	Leu	AAG	62.4	
MAG08	MAG08_MAG08_36	1	1827	1910	Leu	CAG	60.2	
MAG08	MAG08_MAG08_41	1	335	262	Arg	TCT	75.2	
MAG08	MAG08_MAG08_54	1	8465	8537	Arg	CCT	63.8	
MAG08	MAG08_MAG08_67	1	8926	8877	Thr	AGT	14.5	pseudo
MAG08	MAG08_MAG08_69	1	7511	7424	Ser	CGA	71.5	
MAG08	MAG08_MAG08_73	1	1263	1334	Glu	TTC	62.2	
MAG08	MAG08_MAG08_73	2	1361	1453	Ser	TGA	59.2	
MAG08	MAG08_MAG08_73	3	1459	1532	Met	CAT	75.1	
MAG08	MAG08_MAG08_73	4	1536	1608	Asp	GTC	61.0	
MAG08	MAG08_MAG08_73	5	1613	1685	Phe	GAA	69.6	
MAG08	MAG08_MAG08_73	6	1690	1771	Tyr	GTA	64.0	
MAG08	MAG08_MAG08_73	7	1779	1849	Trp	CCA	45.6	
MAG08	MAG08_MAG08_73	8	1864	1936	His	GTG	59.1	
MAG08	MAG08_MAG08_73	9	1944	2015	Gln	TTG	61.2	
MAG08	MAG08_MAG08_73	10	2036	2106	Cys	GCA	64.9	
MAG08	MAG08_MAG08_73	11	2138	2221	Leu	CAA	60.8	
MAG08	MAG08_MAG08_74	1	1278	1207	Glu	CTC	60.3	
MAG08	MAG08_MAG08_74	2	1201	1129	Gln	CTG	55.1	
MAG08	MAG08_MAG08_80	1	4309	4380	Gln	TTG	61.3	
MAG08	MAG08_MAG08_106	1	1	54	Undet	NNN	26.9	
MAG08	MAG08_MAG08_111	1	144	72	Thr	CGT	70.0	
MAG30	MAG30_MAG30_1 	1	18790	18864	Gly	CCC	81.2	
MAG30	MAG30_MAG30_2 	1	3507	3577	Gln	TTG	45.4	
MAG30	MAG30_MAG30_11	1	28865	28783	Tyr	GTA	62.6	
MAG30	MAG30_MAG30_11	2	28770	28698	Gly	TCC	68.6	
MAG30	MAG30_MAG30_11	3	28687	28613	Thr	GGT	75.3	
MAG30	MAG30_MAG30_11	4	27247	27175	Trp	CCA	70.6	
MAG30	MAG30_MAG30_12	1	8557	8376	Ser	CGA	24.6	pseudo
MAG30	MAG30_MAG30_19	1	4441	4369	Thr	CGT	69.5	
MAG30	MAG30_MAG30_24	1	20705	20622	Leu	GAG	54.5	
MAG30	MAG30_MAG30_29	1	7244	7171	Arg	TCT	78.3	
MAG30	MAG30_MAG30_30	1	12087	12159	Pro	CGG	69.1	
MAG30	MAG30_MAG30_30	2	19686	19625	Arg	CCG	23.6	pseudo
MAG30	MAG30_MAG30_32	1	174	247	Cys	GCA	59.5	
MAG30	MAG30_MAG30_38	1	16756	16817	Pro	TGG	52.3	
MAG30	MAG30_MAG30_40	1	9185	9112	Pro	GGG	63.9	
MAG30	MAG30_MAG30_48	1	14385	14314	Glu	TTC	45.7	
MAG30	MAG30_MAG30_53	1	2029	2115	Ser	CGA	69.8	
MAG30	MAG30_MAG30_55	1	10425	10506	Leu	TAG	67.1	
MAG30	MAG30_MAG30_59	1	7561	7488	Ala	GGC	59.5	
MAG30	MAG30_MAG30_75	1	11152	11102	Met	CAT	15.6	pseudo
MAG30	MAG30_MAG30_76	1	6970	6887	Leu	TAA	62.1	
MAG30	MAG30_MAG30_79	1	4058	4139	Leu	CAA	61.4	
MAG30	MAG30_MAG30_115	1	4104	4026	His	GTG	71.7	
MAG30	MAG30_MAG30_143	1	1573	1501	Lys	CTT	74.8	
MAG30	MAG30_MAG30_201	1	2838	2766	Glu	CTC	65.7	
MAG31	MAG31_MAG31_3 	1	12581	12509	Thr	TGT	70.4	
MAG31	MAG31_MAG31_3 	2	12466	12385	Tyr	GTA	70.9	
MAG31	MAG31_MAG31_3 	3	12371	12296	Gly	TCC	83.3	
MAG31	MAG31_MAG31_3 	4	12257	12184	Thr	GGT	75.7	
MAG31	MAG31_MAG31_3 	5	11682	11610	Trp	CCA	73.0	
MAG31	MAG31_MAG31_30	1	120	193	His	GTG	66.4	
MAG31	MAG31_MAG31_30	2	207	287	Leu	TAG	67.6	
MAG31	MAG31_MAG31_30	3	317	389	Gly	GCC	79.0	
MAG31	MAG31_MAG31_155	1	3361	3290	Val	GAC	60.2	
MAG31	MAG31_MAG31_233	1	2649	2578	Gln	TTG	57.8	
MAG15	MAG15_MAG15_1 	1	26996	27069	Trp	CCA	57.7	
MAG15	MAG15_MAG15_1 	2	68009	67937	Thr	TGT	83.1	
MAG15	MAG15_MAG15_1 	3	42286	42211	Arg	CCT	53.0	
MAG15	MAG15_MAG15_2 	1	26743	26819	Met	CAT	72.3	
MAG15	MAG15_MAG15_2 	2	29863	29936	Thr	GGT	59.3	
MAG15	MAG15_MAG15_2 	3	48197	48271	Gly	TCC	69.0	
MAG15	MAG15_MAG15_2 	4	48310	48396	Tyr	GTA	47.5	
MAG15	MAG15_MAG15_2 	5	9989	9916	Met	CAT	70.4	
MAG15	MAG15_MAG15_3 	1	32762	32838	Arg	TCT	79.6	
MAG15	MAG15_MAG15_3 	2	40190	40117	Pro	TGG	73.9	
MAG15	MAG15_MAG15_5 	1	36726	36815	Ser	CGA	77.4	
MAG15	MAG15_MAG15_5 	2	12148	12078	Gly	CCC	74.6	
MAG15	MAG15_MAG15_6 	1	13944	14017	Cys	GCA	56.6	
MAG15	MAG15_MAG15_7 	1	15283	15210	Val	TAC	62.7	
MAG15	MAG15_MAG15_9 	1	2540	2616	Pro	CGG	73.8	
MAG15	MAG15_MAG15_10	1	16180	16108	Asn	GTT	77.3	
MAG15	MAG15_MAG15_11	1	7566	7493	Ile	GAT	69.5	
MAG15	MAG15_MAG15_12	1	18631	18559	Phe	GAA	78.4	
MAG15	MAG15_MAG15_14	1	22378	22453	Ala	GGC	72.6	
MAG15	MAG15_MAG15_14	2	22493	22554	His	GTG	50.8	
MAG15	MAG15_MAG15_14	3	12720	12646	Asp	GTC	78.4	
MAG15	MAG15_MAG15_14	4	11960	11885	Glu	TTC	53.6	
MAG15	MAG15_MAG15_15	1	10884	10811	Gly	GCC	76.1	
MAG15	MAG15_MAG15_15	2	734	651	Leu	CAG	61.0	
MAG15	MAG15_MAG15_15	3	642	570	Ala	CGC	65.7	
MAG15	MAG15_MAG15_16	1	17366	17280	Ser	TGA	70.6	
MAG15	MAG15_MAG15_17	1	2337	2413	Pro	GGG	72.2	
MAG15	MAG15_MAG15_17	2	9968	9895	Met	CAT	77.6	
MAG15	MAG15_MAG15_18	1	12120	12047	Arg	ACG	62.2	
MAG15	MAG15_MAG15_23	1	10016	10090	Glu	CTC	58.1	
MAG15	MAG15_MAG15_24	1	6581	6671	Ser	GGA	73.2	
MAG15	MAG15_MAG15_25	1	7143	7219	Val	GAC	75.9	
MAG15	MAG15_MAG15_26	1	11880	11964	Leu	CAA	63.4	
MAG15	MAG15_MAG15_26	2	5312	5240	Ala	TGC	76.7	
MAG15	MAG15_MAG15_28	1	1478	1395	Leu	TAA	66.0	
MAG15	MAG15_MAG15_28	2	1378	1305	Val	CAC	70.1	
MAG15	MAG15_MAG15_30	1	9986	10070	Leu	TAG	66.6	
MAG15	MAG15_MAG15_34	1	4569	4499	Gln	CTG	56.9	
MAG15	MAG15_MAG15_36	1	8794	8743	Undet	NNN	23.1	pseudo
MAG15	MAG15_MAG15_37	1	3995	4071	Arg	CCG	73.3	
MAG15	MAG15_MAG15_38	1	7963	8048	Leu	GAG	56.3	
MAG15	MAG15_MAG15_43	1	1514	1589	Thr	CGT	77.5	
MAG13	MAG13_MAG13_4 	1	56836	56779	Arg	TCT	30.2	
MAG13	MAG13_MAG13_4 	2	56688	56614	His	GTG	67.3	
MAG13	MAG13_MAG13_4 	3	56561	56490	Gln	TTG	62.5	
MAG13	MAG13_MAG13_4 	4	56482	56410	Lys	TTT	78.4	
MAG13	MAG13_MAG13_8 	1	31849	31921	Ala	CGC	72.2	
MAG13	MAG13_MAG13_17	1	4465	4538	Pro	CGG	83.0	
MAG13	MAG13_MAG13_31	1	27172	27252	Leu	TAG	53.9	
MAG13	MAG13_MAG13_32	1	28267	28339	Lys	CTT	78.7	
MAG13	MAG13_MAG13_32	2	892	805	Ser	GCT	57.0	
MAG13	MAG13_MAG13_35	1	19465	19535	Trp	CCA	63.2	
MAG13	MAG13_MAG13_38	1	4370	4287	Leu	CAG	61.4	
MAG13	MAG13_MAG13_39	1	23973	23890	Leu	CAA	69.6	
MAG13	MAG13_MAG13_39	2	484	414	Gly	CCC	60.5	
MAG13	MAG13_MAG13_43	1	26424	26496	Gly	GCC	81.2	
MAG13	MAG13_MAG13_55	1	879	805	Thr	CGT	79.2	
MAG13	MAG13_MAG13_71	1	60	1	Arg	ACG	49.6	
MAG13	MAG13_MAG13_83	1	15597	15526	Asn	GTT	70.2	
MAG13	MAG13_MAG13_83	2	475	404	Glu	TTC	66.2	
MAG13	MAG13_MAG13_83	3	389	316	Met	CAT	76.2	
MAG13	MAG13_MAG13_83	4	174	101	Asp	GTC	83.0	
MAG13	MAG13_MAG13_96	1	6820	6903	Leu	AAG	64.1	
MAG13	MAG13_MAG13_118	1	6493	6563	Gly	TCC	77.0	
MAG13	MAG13_MAG13_129	1	9856	9810	Lys	TTT	23.4	pseudo
MAG13	MAG13_MAG13_131	1	165	91	Pro	TGG	80.4	
MAG13	MAG13_MAG13_140	1	7915	7986	Gln	CTG	56.6	
MAG13	MAG13_MAG13_151	1	173	260	Ser	CGA	65.9	
MAG13	MAG13_MAG13_158	1	918	990	Gly	GCC	81.2	
MAG13	MAG13_MAG13_159	1	6366	6437	Arg	CCG	58.4	
MAG13	MAG13_MAG13_165	1	2	59	Arg	ACG	25.9	
MAG13	MAG13_MAG13_167	1	6278	6363	Ser	TGA	74.7	
MAG13	MAG13_MAG13_167	2	6481	6570	Ser	GGA	60.1	
MAG13	MAG13_MAG13_196	1	4635	4707	Thr	GGT	65.8	
MAG13	MAG13_MAG13_198	1	1618	1546	Pro	AGG	68.2	
MAG20	MAG20_MAG20_13 	1	12562	12635	Gly	TCC	73.7	
MAG20	MAG20_MAG20_13 	2	12641	12717	Arg	TCT	72.7	
MAG20	MAG20_MAG20_13 	3	12856	12932	His	GTG	67.7	
MAG20	MAG20_MAG20_13 	4	12955	13029	Gln	TTG	54.2	
MAG20	MAG20_MAG20_13 	5	13053	13128	Lys	TTT	70.8	
MAG20	MAG20_MAG20_14 	1	55	1	Asn	GTT	23.6	pseudo
MAG20	MAG20_MAG20_20 	1	3381	3292	Ser	GGA	66.8	
MAG20	MAG20_MAG20_46 	1	3808	3724	Ser	TGA	67.9	
MAG20	MAG20_MAG20_55 	1	9086	9021	Val	TAC	35.5	
MAG20	MAG20_MAG20_55 	2	8989	8916	Asp	GTC	77.2	
MAG20	MAG20_MAG20_55 	3	8906	8834	Phe	GAA	74.4	
MAG20	MAG20_MAG20_55 	4	8823	8748	Gly	GCC	71.1	
MAG20	MAG20_MAG20_86 	1	1605	1526	Leu	TAG	63.4	
MAG20	MAG20_MAG20_92 	1	607	534	Met	CAT	69.5	
MAG20	MAG20_MAG20_92 	2	528	457	Glu	TTC	68.4	
MAG20	MAG20_MAG20_115	1	5253	5181	Pro	GGG	67.3	
MAG20	MAG20_MAG20_115	2	3594	3519	Thr	CGT	78.0	
MAG20	MAG20_MAG20_127	1	81	155	Cys	GCA	62.4	
MAG20	MAG20_MAG20_152	1	3379	3465	Leu	TAA	63.3	
MAG20	MAG20_MAG20_152	2	3508	3594	Leu	CAA	66.1	
MAG20	MAG20_MAG20_154	1	3761	3686	Thr	GGT	71.1	
MAG20	MAG20_MAG20_169	1	2311	2238	Arg	ACG	78.9	
MAG20	MAG20_MAG20_190	1	1963	2189	Leu	CAG	33.8	
MAG20	MAG20_MAG20_192	1	2952	2870	Ser	CGA	46.8	
MAG20	MAG20_MAG20_202	1	154	79	Arg	CCG	55.7	
